transaction_id,card_id,timestamp,amount,merchant_category,country,card_present,is_fraud
txn_0000000,card_00398,2026-01-02T13:10:34Z,446.23,electronics,SG,True,False
txn_0000001,card_00662,2026-01-04T10:21:43Z,425.88,restaurant,US,False,False
txn_0000002,card_00354,2026-01-04T12:56:21Z,42.24,entertainment,IN,True,False
txn_0000003,card_00485,2026-01-11T14:34:44Z,33.98,pharmacy,SG,True,False
txn_0000004,card_00420,2026-01-27T20:17:12Z,43.18,restaurant,DE,False,False
txn_0000005,card_00873,2026-01-09T01:48:43Z,21.6,pharmacy,SG,True,False
txn_0000006,card_00257,2026-01-19T09:53:05Z,507.81,electronics,US,True,False
txn_0000007,card_00595,2026-01-18T10:09:41Z,101.28,utilities,US,True,False
txn_0000008,card_00514,2026-01-28T00:03:54Z,241.35,pharmacy,US,False,False
txn_0000009,card_00880,2026-01-15T17:10:45Z,441.83,electronics,SG,False,False
txn_0000010,card_00262,2026-01-08T05:06:03Z,615.31,fuel,SG,False,False
txn_0000011,card_00809,2026-01-11T10:30:33Z,45.01,electronics,GB,False,False
txn_0000012,card_00317,2026-01-23T01:15:40Z,24.37,grocery,SG,True,False
txn_0000013,card_00062,2026-01-01T23:32:52Z,18.03,entertainment,GB,True,False
txn_0000014,card_00060,2026-01-19T09:28:31Z,105.5,grocery,US,True,False
txn_0000015,card_00198,2026-01-04T03:45:21Z,188.8,entertainment,AE,True,False
txn_0000016,card_00080,2026-01-11T09:53:56Z,24.13,pharmacy,US,False,False
txn_0000017,card_00063,2026-01-05T01:56:42Z,409.4,online_retail,GB,True,False
txn_0000018,card_00122,2026-01-09T06:26:45Z,75.52,online_retail,DE,False,False
txn_0000019,card_00861,2026-01-22T10:07:38Z,27.89,pharmacy,DE,False,False
txn_0000020,card_00458,2026-01-01T02:43:16Z,2698.53,electronics,US,True,False
txn_0000021,card_00387,2026-01-05T01:20:43Z,12.96,online_retail,AE,True,False
txn_0000022,card_00768,2026-01-12T22:44:29Z,15.37,travel,GB,True,False
txn_0000023,card_00875,2026-01-29T03:59:53Z,13.45,fuel,DE,False,False
txn_0000024,card_00494,2026-01-09T18:09:07Z,41.01,restaurant,IN,True,False
txn_0000025,card_00273,2026-01-21T02:49:27Z,51.43,electronics,SG,True,False
txn_0000026,card_00274,2026-01-10T08:24:46Z,736.16,utilities,GB,True,False
txn_0000027,card_00367,2026-01-24T13:11:05Z,65.09,entertainment,US,True,False
txn_0000028,card_00558,2026-01-19T00:24:33Z,109.37,fuel,DE,False,False
txn_0000029,card_00700,2026-01-29T21:04:46Z,95.79,pharmacy,IN,False,False
txn_0000030,card_00448,2026-01-25T01:29:21Z,50.3,entertainment,IN,True,False
txn_0000031,card_00884,2026-01-12T05:56:55Z,153.75,atm_withdrawal,US,False,True
txn_0000032,card_00344,2026-01-23T08:30:32Z,46.1,electronics,GB,True,False
txn_0000033,card_00885,2026-01-20T09:56:47Z,86.6,online_retail,GB,True,False
txn_0000034,card_00500,2026-01-09T07:19:48Z,28.07,pharmacy,DE,True,False
txn_0000035,card_00886,2026-01-07T04:52:51Z,29.24,entertainment,US,True,False
txn_0000036,card_00295,2026-01-19T21:22:53Z,35.3,grocery,DE,True,False
txn_0000037,card_00276,2026-01-20T20:39:29Z,4.22,restaurant,DE,True,False
txn_0000038,card_00178,2026-01-20T11:05:52Z,63.29,travel,IN,False,False
txn_0000039,card_00209,2026-01-06T01:39:12Z,14.48,atm_withdrawal,GB,True,False
txn_0000040,card_00178,2026-01-07T14:07:45Z,302.25,pharmacy,SG,False,False
txn_0000041,card_00095,2026-01-26T04:59:43Z,403.42,grocery,SG,False,False
txn_0000042,card_00673,2026-01-07T14:11:41Z,79.98,fuel,IN,True,False
txn_0000043,card_00518,2026-01-16T23:49:45Z,36.07,grocery,AE,True,False
txn_0000044,card_00621,2026-01-18T08:53:11Z,22.36,travel,IN,False,False
txn_0000045,card_00855,2026-01-11T00:50:47Z,10.34,restaurant,AE,False,False
txn_0000046,card_00511,2026-01-17T07:51:47Z,1256.64,restaurant,GB,False,True
txn_0000047,card_00652,2026-01-09T15:51:27Z,94.78,restaurant,US,True,False
txn_0000048,card_00428,2026-01-03T11:57:45Z,34.89,restaurant,IN,False,False
txn_0000049,card_00629,2026-01-16T19:19:08Z,39.46,online_retail,IN,True,False
txn_0000050,card_00900,2026-01-13T14:46:56Z,116.91,utilities,SG,False,False
txn_0000051,card_00630,2026-01-04T07:43:00Z,5.57,electronics,AE,True,False
txn_0000052,card_00697,2026-01-27T23:28:42Z,61.86,utilities,IN,True,False
txn_0000053,card_00124,2026-01-24T20:41:35Z,134.95,entertainment,AE,True,False
txn_0000054,card_00002,2026-01-20T21:35:59Z,383.57,atm_withdrawal,AE,False,False
txn_0000055,card_00663,2026-01-02T00:07:22Z,94.22,restaurant,AE,False,False
txn_0000056,card_00654,2026-01-09T21:10:46Z,91.25,pharmacy,IN,False,False
txn_0000057,card_00085,2026-01-14T20:46:23Z,26.29,pharmacy,SG,True,False
txn_0000058,card_00131,2026-01-29T21:07:57Z,75.3,atm_withdrawal,DE,True,False
txn_0000059,card_00838,2026-01-01T02:05:04Z,431.42,entertainment,US,True,False
txn_0000060,card_00837,2026-01-05T17:15:50Z,70.64,electronics,AE,True,False
txn_0000061,card_00462,2026-01-30T17:40:23Z,28.93,online_retail,SG,True,False
txn_0000062,card_00238,2026-01-21T22:57:32Z,17.36,entertainment,GB,False,False
txn_0000063,card_00545,2026-01-13T09:40:38Z,71.36,pharmacy,AE,False,False
txn_0000064,card_00821,2026-01-30T21:16:40Z,37.68,entertainment,US,False,False
txn_0000065,card_00001,2026-01-23T04:21:46Z,10.86,entertainment,GB,False,False
txn_0000066,card_00093,2026-01-30T22:24:48Z,9.26,atm_withdrawal,AE,False,False
txn_0000067,card_00150,2026-01-30T16:39:57Z,151.38,utilities,DE,True,False
txn_0000068,card_00338,2026-01-17T01:16:52Z,21.95,entertainment,IN,True,False
txn_0000069,card_00022,2026-01-06T04:22:17Z,40.03,travel,GB,True,False
txn_0000070,card_00237,2026-01-06T04:47:18Z,9.66,atm_withdrawal,AE,False,False
txn_0000071,card_00734,2026-01-08T17:40:14Z,127.62,online_retail,GB,True,False
txn_0000072,card_00471,2026-01-18T00:35:44Z,145.5,fuel,AE,True,False
txn_0000073,card_00610,2026-01-14T18:43:55Z,66.46,pharmacy,US,False,False
txn_0000074,card_00184,2026-01-05T17:03:38Z,14.09,electronics,IN,True,False
txn_0000075,card_00472,2026-01-16T07:41:47Z,754.94,fuel,US,True,False
txn_0000076,card_00397,2026-01-08T10:27:26Z,84.87,grocery,SG,False,False
txn_0000077,card_00121,2026-01-26T10:54:58Z,64.58,grocery,DE,True,False
txn_0000078,card_00672,2026-01-27T18:38:31Z,9.93,atm_withdrawal,DE,False,False
txn_0000079,card_00091,2026-01-14T15:40:42Z,48.0,entertainment,DE,True,False
txn_0000080,card_00040,2026-01-27T16:22:31Z,68.82,electronics,SG,True,False
txn_0000081,card_00417,2026-01-18T13:15:16Z,127.63,grocery,SG,False,False
txn_0000082,card_00325,2026-01-06T17:57:54Z,659.27,online_retail,AE,True,False
txn_0000083,card_00107,2026-01-02T05:24:27Z,1755.16,online_retail,US,False,True
txn_0000084,card_00608,2026-01-11T13:41:32Z,115.36,grocery,AE,True,False
txn_0000085,card_00387,2026-01-10T20:30:19Z,63.3,entertainment,GB,True,False
txn_0000086,card_00224,2026-01-02T16:02:24Z,67.2,travel,US,True,False
txn_0000087,card_00781,2026-01-04T18:47:02Z,193.73,electronics,AE,True,False
txn_0000088,card_00604,2026-01-27T16:23:02Z,25.14,grocery,SG,True,False
txn_0000089,card_00211,2026-01-23T08:59:32Z,58.64,grocery,GB,True,False
txn_0000090,card_00152,2026-01-09T10:33:35Z,103.66,electronics,DE,True,False
txn_0000091,card_00701,2026-01-03T19:40:32Z,205.14,travel,AE,False,False
txn_0000092,card_00481,2026-01-09T18:37:47Z,138.33,fuel,DE,True,False
txn_0000093,card_00312,2026-01-26T19:14:52Z,12.49,pharmacy,SG,True,False
txn_0000094,card_00676,2026-01-08T10:32:08Z,37.06,electronics,SG,True,False
txn_0000095,card_00594,2026-01-10T12:16:25Z,68.97,restaurant,DE,False,False
txn_0000096,card_00340,2026-01-07T19:29:52Z,12.02,atm_withdrawal,IN,True,False
txn_0000097,card_00758,2026-01-08T07:07:57Z,19.85,entertainment,GB,True,False
txn_0000098,card_00324,2026-01-19T12:50:16Z,38.78,restaurant,US,True,False
txn_0000099,card_00274,2026-01-02T01:48:04Z,71.9,electronics,IN,False,False
txn_0000100,card_00754,2026-01-26T18:25:57Z,43.88,fuel,DE,False,False
txn_0000101,card_00443,2026-01-14T00:57:21Z,83.18,grocery,DE,True,False
txn_0000102,card_00419,2026-01-03T05:01:15Z,125.7,electronics,AE,True,False
txn_0000103,card_00002,2026-01-01T21:50:49Z,84.14,utilities,AE,False,False
txn_0000104,card_00881,2026-01-21T05:03:10Z,76.19,grocery,SG,True,False
txn_0000105,card_00635,2026-01-16T21:04:40Z,61.48,electronics,AE,False,False
txn_0000106,card_00525,2026-01-22T12:29:11Z,21.25,travel,AE,False,False
txn_0000107,card_00588,2026-01-28T03:41:47Z,286.21,grocery,AE,True,False
txn_0000108,card_00329,2026-01-12T17:18:23Z,193.32,utilities,US,False,False
txn_0000109,card_00651,2026-01-27T13:17:54Z,46.55,atm_withdrawal,IN,False,False
txn_0000110,card_00068,2026-01-03T23:56:54Z,64.71,travel,DE,True,False
txn_0000111,card_00255,2026-01-28T08:11:57Z,688.47,online_retail,SG,True,False
txn_0000112,card_00220,2026-01-11T13:08:44Z,766.56,restaurant,US,True,False
txn_0000113,card_00883,2026-01-15T12:19:03Z,48.48,pharmacy,GB,False,False
txn_0000114,card_00087,2026-01-18T23:39:08Z,176.62,fuel,US,True,False
txn_0000115,card_00585,2026-01-17T12:19:48Z,23.72,utilities,US,True,False
txn_0000116,card_00340,2026-01-04T11:25:41Z,261.01,pharmacy,US,True,False
txn_0000117,card_00472,2026-01-18T21:15:54Z,12.27,fuel,US,True,False
txn_0000118,card_00239,2026-01-23T15:30:59Z,17.68,travel,GB,True,False
txn_0000119,card_00613,2026-01-17T13:10:32Z,195.71,fuel,US,True,False
txn_0000120,card_00368,2026-01-06T21:18:43Z,268.17,pharmacy,SG,True,False
txn_0000121,card_00658,2026-01-14T04:35:26Z,397.89,travel,AE,True,True
txn_0000122,card_00749,2026-01-10T21:56:13Z,61.58,restaurant,IN,False,False
txn_0000123,card_00551,2026-01-30T03:05:00Z,208.41,pharmacy,US,True,False
txn_0000124,card_00111,2026-01-10T04:34:27Z,28.56,travel,DE,False,False
txn_0000125,card_00274,2026-01-20T15:10:22Z,181.17,entertainment,US,False,False
txn_0000126,card_00314,2026-01-22T11:45:22Z,48.78,utilities,AE,True,False
txn_0000127,card_00291,2026-01-30T23:02:43Z,71.79,entertainment,IN,False,False
txn_0000128,card_00493,2026-01-20T21:08:23Z,40.55,fuel,AE,True,False
txn_0000129,card_00625,2026-01-03T19:54:29Z,56.45,pharmacy,IN,False,False
txn_0000130,card_00201,2026-01-09T15:11:30Z,104.69,travel,SG,False,False
txn_0000131,card_00819,2026-01-09T08:57:27Z,108.03,entertainment,GB,True,False
txn_0000132,card_00701,2026-01-13T15:49:29Z,132.73,atm_withdrawal,GB,True,False
txn_0000133,card_00408,2026-01-02T15:05:34Z,249.38,travel,US,True,False
txn_0000134,card_00329,2026-01-12T07:21:33Z,64.19,online_retail,SG,True,False
txn_0000135,card_00626,2026-01-26T11:13:47Z,30.91,pharmacy,AE,True,False
txn_0000136,card_00798,2026-01-30T17:50:33Z,158.16,electronics,US,False,False
txn_0000137,card_00883,2026-01-23T00:32:44Z,112.4,online_retail,US,True,False
txn_0000138,card_00537,2026-01-27T08:49:59Z,53.14,electronics,US,False,False
txn_0000139,card_00197,2026-01-06T15:59:08Z,69.24,pharmacy,US,False,False
txn_0000140,card_00531,2026-01-24T00:34:37Z,38.82,atm_withdrawal,US,True,True
txn_0000141,card_00015,2026-01-22T01:34:02Z,150.52,utilities,DE,False,False
txn_0000142,card_00571,2026-01-01T15:44:53Z,60.03,restaurant,AE,True,False
txn_0000143,card_00722,2026-01-12T17:12:20Z,427.59,electronics,GB,True,False
txn_0000144,card_00656,2026-01-04T04:39:35Z,122.39,fuel,AE,True,False
txn_0000145,card_00683,2026-01-05T18:35:20Z,510.6,travel,GB,False,False
txn_0000146,card_00118,2026-01-06T00:37:13Z,106.94,grocery,GB,True,False
txn_0000147,card_00671,2026-01-12T02:24:46Z,115.68,utilities,SG,True,False
txn_0000148,card_00674,2026-01-13T10:46:07Z,41.72,restaurant,SG,True,False
txn_0000149,card_00724,2026-01-14T13:09:36Z,98.95,electronics,AE,True,False
txn_0000150,card_00301,2026-01-26T11:09:27Z,58.63,grocery,IN,False,False
txn_0000151,card_00719,2026-01-07T10:38:24Z,51.25,utilities,AE,True,False
txn_0000152,card_00533,2026-01-08T12:18:43Z,91.89,utilities,AE,False,False
txn_0000153,card_00203,2026-01-21T22:28:15Z,174.05,grocery,SG,False,False
txn_0000154,card_00167,2026-01-26T04:51:21Z,193.0,grocery,US,True,False
txn_0000155,card_00080,2026-01-07T02:12:28Z,69.14,fuel,GB,True,True
txn_0000156,card_00049,2026-01-11T22:39:01Z,40.23,atm_withdrawal,AE,True,False
txn_0000157,card_00344,2026-01-25T18:15:22Z,85.19,grocery,IN,False,False
txn_0000158,card_00301,2026-01-07T13:22:32Z,51.44,fuel,US,True,False
txn_0000159,card_00659,2026-01-17T01:32:28Z,21.34,electronics,IN,True,False
txn_0000160,card_00752,2026-01-02T07:14:04Z,81.59,fuel,GB,True,False
txn_0000161,card_00340,2026-01-17T07:00:38Z,423.98,atm_withdrawal,AE,True,True
txn_0000162,card_00727,2026-01-25T13:58:23Z,32.61,fuel,US,False,False
txn_0000163,card_00837,2026-01-02T03:17:23Z,76.92,atm_withdrawal,AE,True,False
txn_0000164,card_00607,2026-01-29T22:17:49Z,631.98,fuel,SG,True,False
txn_0000165,card_00488,2026-01-18T03:30:10Z,126.0,grocery,SG,True,False
txn_0000166,card_00442,2026-01-28T07:09:04Z,145.19,fuel,DE,False,False
txn_0000167,card_00005,2026-01-24T02:24:21Z,49.09,grocery,DE,True,False
txn_0000168,card_00440,2026-01-06T19:23:14Z,69.82,fuel,US,True,False
txn_0000169,card_00053,2026-01-17T00:50:52Z,165.09,utilities,GB,False,False
txn_0000170,card_00006,2026-01-24T09:53:20Z,226.82,electronics,AE,False,False
txn_0000171,card_00564,2026-01-23T00:52:52Z,309.88,electronics,GB,True,False
txn_0000172,card_00496,2026-01-24T01:57:40Z,39.25,travel,AE,True,False
txn_0000173,card_00199,2026-01-03T10:21:25Z,251.8,atm_withdrawal,DE,True,False
txn_0000174,card_00864,2026-01-20T09:16:00Z,457.79,grocery,AE,False,False
txn_0000175,card_00811,2026-01-13T09:58:17Z,88.95,utilities,GB,True,True
txn_0000176,card_00057,2026-01-30T06:56:00Z,2.5,utilities,GB,True,False
txn_0000177,card_00562,2026-01-25T00:57:51Z,283.1,fuel,AE,True,False
txn_0000178,card_00716,2026-01-18T01:00:10Z,948.91,travel,US,False,True
txn_0000179,card_00118,2026-01-20T18:39:35Z,33.66,restaurant,DE,True,False
txn_0000180,card_00854,2026-01-27T14:43:04Z,20.04,utilities,AE,True,False
txn_0000181,card_00783,2026-01-30T09:10:26Z,4.62,entertainment,GB,False,False
txn_0000182,card_00373,2026-01-08T09:16:14Z,450.62,pharmacy,IN,True,False
txn_0000183,card_00140,2026-01-19T13:43:42Z,286.61,grocery,SG,True,False
txn_0000184,card_00361,2026-01-08T11:51:07Z,83.95,pharmacy,DE,True,False
txn_0000185,card_00338,2026-01-27T18:39:03Z,105.77,atm_withdrawal,US,True,False
txn_0000186,card_00603,2026-01-27T10:20:26Z,643.55,grocery,SG,True,False
txn_0000187,card_00308,2026-01-01T20:51:43Z,82.6,online_retail,GB,True,False
txn_0000188,card_00430,2026-01-08T19:46:41Z,80.46,pharmacy,IN,True,False
txn_0000189,card_00363,2026-01-16T03:40:43Z,176.79,grocery,IN,True,False
txn_0000190,card_00120,2026-01-04T11:24:32Z,205.96,fuel,AE,True,False
txn_0000191,card_00566,2026-01-30T21:59:23Z,28.57,entertainment,IN,True,False
txn_0000192,card_00743,2026-01-13T04:43:03Z,25.75,fuel,SG,False,False
txn_0000193,card_00021,2026-01-05T00:20:08Z,41.59,online_retail,AE,False,False
txn_0000194,card_00359,2026-01-20T18:28:46Z,76.99,fuel,DE,False,False
txn_0000195,card_00862,2026-01-29T17:25:45Z,43.05,pharmacy,US,False,False
txn_0000196,card_00282,2026-01-22T11:33:10Z,69.98,travel,GB,True,False
txn_0000197,card_00532,2026-01-29T12:23:21Z,139.64,utilities,GB,False,False
txn_0000198,card_00708,2026-01-13T09:17:20Z,79.9,online_retail,DE,False,False
txn_0000199,card_00623,2026-01-02T09:23:46Z,92.59,grocery,DE,False,False
txn_0000200,card_00769,2026-01-24T23:19:36Z,9.81,utilities,AE,False,False
txn_0000201,card_00822,2026-01-16T17:30:55Z,611.32,online_retail,US,True,False
txn_0000202,card_00616,2026-01-05T16:34:39Z,90.43,fuel,IN,False,True
txn_0000203,card_00255,2026-01-06T14:52:30Z,442.81,pharmacy,AE,False,False
txn_0000204,card_00024,2026-01-27T00:04:55Z,109.17,pharmacy,GB,True,False
txn_0000205,card_00823,2026-01-13T07:46:57Z,89.83,restaurant,US,True,False
txn_0000206,card_00393,2026-01-15T06:32:09Z,38.09,atm_withdrawal,DE,True,False
txn_0000207,card_00025,2026-01-19T02:17:52Z,202.92,fuel,US,False,False
txn_0000208,card_00663,2026-01-04T03:20:36Z,624.69,travel,DE,True,False
txn_0000209,card_00147,2026-01-18T16:57:19Z,176.84,pharmacy,GB,False,True
txn_0000210,card_00892,2026-01-17T02:45:44Z,245.02,grocery,AE,True,False
txn_0000211,card_00731,2026-01-17T18:20:24Z,250.04,electronics,GB,False,True
txn_0000212,card_00432,2026-01-26T12:36:17Z,466.55,electronics,US,True,False
txn_0000213,card_00449,2026-01-03T21:44:04Z,58.87,grocery,AE,True,False
txn_0000214,card_00386,2026-01-20T23:55:37Z,355.81,travel,SG,True,False
txn_0000215,card_00444,2026-01-12T18:24:05Z,58.09,travel,AE,True,False
txn_0000216,card_00682,2026-01-25T13:50:41Z,69.3,fuel,DE,False,False
txn_0000217,card_00020,2026-01-05T20:59:00Z,18.7,fuel,DE,False,False
txn_0000218,card_00413,2026-01-23T11:29:22Z,251.85,travel,GB,True,False
txn_0000219,card_00511,2026-01-16T06:27:33Z,144.5,electronics,US,True,False
txn_0000220,card_00887,2026-01-27T00:53:19Z,27.31,electronics,AE,True,False
txn_0000221,card_00622,2026-01-18T09:46:47Z,20.53,utilities,SG,True,False
txn_0000222,card_00418,2026-01-06T14:34:41Z,59.49,restaurant,GB,True,False
txn_0000223,card_00534,2026-01-18T09:51:58Z,92.07,electronics,IN,False,False
txn_0000224,card_00744,2026-01-03T23:37:01Z,7.4,pharmacy,GB,False,False
txn_0000225,card_00308,2026-01-20T01:36:50Z,92.03,fuel,AE,True,False
txn_0000226,card_00782,2026-01-12T00:19:18Z,172.28,entertainment,IN,True,False
txn_0000227,card_00583,2026-01-13T06:18:48Z,117.79,electronics,SG,True,False
txn_0000228,card_00776,2026-01-19T01:03:48Z,183.3,electronics,AE,False,False
txn_0000229,card_00695,2026-01-24T13:00:35Z,68.02,travel,GB,True,False
txn_0000230,card_00018,2026-01-26T05:22:03Z,354.22,grocery,AE,False,False
txn_0000231,card_00561,2026-01-03T20:57:28Z,32.99,pharmacy,SG,True,False
txn_0000232,card_00626,2026-01-20T17:00:39Z,30.67,travel,US,False,False
txn_0000233,card_00538,2026-01-05T07:08:05Z,12.52,entertainment,AE,True,False
txn_0000234,card_00054,2026-01-29T19:56:29Z,110.75,entertainment,US,False,False
txn_0000235,card_00566,2026-01-17T03:42:30Z,252.84,fuel,SG,True,False
txn_0000236,card_00655,2026-01-01T08:34:00Z,30.32,atm_withdrawal,US,True,False
txn_0000237,card_00042,2026-01-10T23:21:27Z,181.22,atm_withdrawal,SG,True,False
txn_0000238,card_00490,2026-01-11T15:11:56Z,223.52,entertainment,GB,False,False
txn_0000239,card_00862,2026-01-02T18:50:59Z,588.39,fuel,DE,True,True
txn_0000240,card_00275,2026-01-09T23:09:45Z,30.83,atm_withdrawal,SG,True,False
txn_0000241,card_00043,2026-01-26T22:17:59Z,68.15,online_retail,GB,False,False
txn_0000242,card_00792,2026-01-21T03:53:39Z,77.09,electronics,SG,False,False
txn_0000243,card_00496,2026-01-19T03:54:23Z,58.84,restaurant,US,True,False
txn_0000244,card_00126,2026-01-01T06:31:49Z,113.13,fuel,DE,False,False
txn_0000245,card_00136,2026-01-02T12:39:01Z,88.54,fuel,DE,False,False
txn_0000246,card_00820,2026-01-03T11:04:17Z,137.61,utilities,IN,False,False
txn_0000247,card_00807,2026-01-05T00:24:36Z,70.53,grocery,DE,True,False
txn_0000248,card_00085,2026-01-20T22:30:57Z,62.41,utilities,GB,True,False
txn_0000249,card_00771,2026-01-14T11:02:22Z,353.32,grocery,SG,True,False
txn_0000250,card_00897,2026-01-02T00:31:33Z,586.02,atm_withdrawal,SG,False,True
txn_0000251,card_00513,2026-01-22T16:02:19Z,64.35,travel,US,True,False
txn_0000252,card_00874,2026-01-03T06:03:16Z,95.93,utilities,US,True,False
txn_0000253,card_00345,2026-01-23T18:08:20Z,85.48,utilities,GB,False,False
txn_0000254,card_00053,2026-01-02T11:36:08Z,210.7,online_retail,SG,True,False
txn_0000255,card_00148,2026-01-21T16:10:58Z,37.99,entertainment,GB,True,False
txn_0000256,card_00316,2026-01-18T18:04:48Z,21.38,entertainment,AE,True,False
txn_0000257,card_00556,2026-01-27T16:40:32Z,36.13,atm_withdrawal,AE,True,False
txn_0000258,card_00568,2026-01-27T00:40:35Z,7.34,pharmacy,AE,True,False
txn_0000259,card_00785,2026-01-16T10:24:56Z,364.57,online_retail,SG,False,False
txn_0000260,card_00359,2026-01-05T00:44:06Z,404.78,pharmacy,DE,True,False
txn_0000261,card_00851,2026-01-07T13:46:44Z,70.65,utilities,IN,False,False
txn_0000262,card_00432,2026-01-10T19:23:41Z,39.64,travel,SG,True,False
txn_0000263,card_00768,2026-01-15T18:44:26Z,243.67,online_retail,US,True,False
txn_0000264,card_00888,2026-01-18T05:46:26Z,515.37,pharmacy,IN,False,False
txn_0000265,card_00060,2026-01-07T15:35:14Z,24.23,grocery,US,False,False
txn_0000266,card_00185,2026-01-18T09:56:42Z,248.45,entertainment,DE,False,False
txn_0000267,card_00164,2026-01-29T00:50:49Z,10.64,utilities,AE,False,False
txn_0000268,card_00553,2026-01-25T16:00:30Z,32.08,fuel,SG,False,False
txn_0000269,card_00107,2026-01-11T08:50:12Z,72.36,travel,US,False,False
txn_0000270,card_00700,2026-01-04T15:36:37Z,48.12,fuel,SG,False,False
txn_0000271,card_00547,2026-01-11T23:17:00Z,109.87,fuel,IN,True,False
txn_0000272,card_00484,2026-01-30T09:18:30Z,46.86,entertainment,DE,False,False
txn_0000273,card_00805,2026-01-05T14:11:20Z,105.62,utilities,IN,True,False
txn_0000274,card_00703,2026-01-25T12:33:16Z,4.26,grocery,AE,True,False
txn_0000275,card_00643,2026-01-19T23:53:25Z,43.18,pharmacy,DE,True,False
txn_0000276,card_00220,2026-01-22T14:26:59Z,291.34,utilities,AE,False,True
txn_0000277,card_00523,2026-01-26T07:30:29Z,24.33,pharmacy,GB,False,False
txn_0000278,card_00253,2026-01-07T15:45:06Z,140.45,pharmacy,GB,False,False
txn_0000279,card_00744,2026-01-07T01:09:43Z,40.23,entertainment,AE,True,False
txn_0000280,card_00398,2026-01-29T13:27:16Z,66.93,electronics,DE,True,False
txn_0000281,card_00196,2026-01-06T21:50:21Z,21.25,electronics,GB,True,False
txn_0000282,card_00370,2026-01-10T06:34:49Z,70.18,electronics,IN,True,False
txn_0000283,card_00002,2026-01-23T11:17:53Z,256.41,travel,DE,False,False
txn_0000284,card_00452,2026-01-29T16:04:16Z,13.2,online_retail,DE,False,False
txn_0000285,card_00423,2026-01-25T13:04:59Z,28.22,travel,DE,True,False
txn_0000286,card_00893,2026-01-30T20:17:30Z,274.79,entertainment,US,True,False
txn_0000287,card_00348,2026-01-19T18:57:25Z,255.21,pharmacy,IN,True,False
txn_0000288,card_00780,2026-01-29T11:03:49Z,58.39,restaurant,AE,True,False
txn_0000289,card_00764,2026-01-19T04:34:24Z,369.63,utilities,DE,True,False
txn_0000290,card_00505,2026-01-30T11:19:10Z,16.11,travel,DE,False,False
txn_0000291,card_00507,2026-01-20T07:25:31Z,17.94,online_retail,SG,False,False
txn_0000292,card_00150,2026-01-04T03:33:13Z,227.16,pharmacy,DE,True,False
txn_0000293,card_00894,2026-01-24T13:00:19Z,20.34,atm_withdrawal,SG,False,False
txn_0000294,card_00006,2026-01-12T21:07:27Z,40.82,restaurant,GB,False,False
txn_0000295,card_00361,2026-01-13T08:36:21Z,72.08,grocery,IN,False,False
txn_0000296,card_00278,2026-01-09T22:08:15Z,6.17,grocery,GB,True,False
txn_0000297,card_00522,2026-01-18T01:32:44Z,6.31,atm_withdrawal,GB,False,False
txn_0000298,card_00550,2026-01-09T14:38:59Z,10.03,fuel,AE,False,False
txn_0000299,card_00346,2026-01-28T22:01:16Z,88.04,electronics,IN,True,False
txn_0000300,card_00775,2026-01-10T10:19:01Z,60.08,entertainment,US,True,False
txn_0000301,card_00676,2026-01-02T00:58:29Z,219.64,online_retail,US,False,False
txn_0000302,card_00122,2026-01-08T07:38:01Z,32.77,restaurant,GB,False,False
txn_0000303,card_00465,2026-01-02T16:12:53Z,80.45,online_retail,GB,False,False
txn_0000304,card_00697,2026-01-05T23:41:00Z,49.9,atm_withdrawal,SG,False,False
txn_0000305,card_00882,2026-01-16T20:04:01Z,56.35,restaurant,GB,True,False
txn_0000306,card_00674,2026-01-25T01:47:52Z,24.67,fuel,DE,False,False
txn_0000307,card_00327,2026-01-28T09:41:47Z,501.82,pharmacy,DE,True,False
txn_0000308,card_00425,2026-01-14T15:21:43Z,161.71,restaurant,SG,False,False
txn_0000309,card_00280,2026-01-23T17:09:19Z,66.56,electronics,GB,False,False
txn_0000310,card_00245,2026-01-25T19:35:35Z,20.2,restaurant,SG,False,False
txn_0000311,card_00886,2026-01-01T07:38:00Z,7.38,entertainment,GB,True,False
txn_0000312,card_00608,2026-01-10T05:35:50Z,122.88,travel,GB,False,False
txn_0000313,card_00160,2026-01-27T00:29:58Z,71.51,pharmacy,AE,True,False
txn_0000314,card_00858,2026-01-09T20:30:43Z,92.05,fuel,IN,True,False
txn_0000315,card_00675,2026-01-19T03:20:14Z,61.87,electronics,US,True,False
txn_0000316,card_00865,2026-01-01T15:18:35Z,350.73,atm_withdrawal,AE,False,False
txn_0000317,card_00249,2026-01-11T05:11:57Z,225.06,utilities,IN,False,False
txn_0000318,card_00187,2026-01-25T07:58:06Z,57.72,utilities,DE,True,False
txn_0000319,card_00249,2026-01-11T08:34:56Z,96.81,utilities,AE,False,False
txn_0000320,card_00884,2026-01-07T11:53:56Z,33.19,restaurant,US,True,False
txn_0000321,card_00519,2026-01-14T22:49:19Z,163.25,atm_withdrawal,GB,True,False
txn_0000322,card_00530,2026-01-10T20:56:23Z,126.4,atm_withdrawal,GB,False,False
txn_0000323,card_00580,2026-01-30T13:21:02Z,25.23,utilities,US,True,False
txn_0000324,card_00107,2026-01-22T21:02:55Z,130.18,pharmacy,US,True,False
txn_0000325,card_00457,2026-01-05T12:09:03Z,498.96,fuel,AE,True,True
txn_0000326,card_00059,2026-01-25T17:36:40Z,93.01,entertainment,AE,True,False
txn_0000327,card_00416,2026-01-04T05:49:55Z,557.72,electronics,DE,False,False
txn_0000328,card_00474,2026-01-11T10:42:57Z,184.38,utilities,US,False,False
txn_0000329,card_00896,2026-01-20T03:59:12Z,72.81,electronics,IN,False,False
txn_0000330,card_00684,2026-01-12T07:34:10Z,141.04,entertainment,SG,False,False
txn_0000331,card_00566,2026-01-11T16:50:25Z,35.18,fuel,DE,True,True
txn_0000332,card_00168,2026-01-01T20:45:24Z,13.57,entertainment,GB,True,False
txn_0000333,card_00583,2026-01-15T15:51:42Z,252.15,fuel,SG,False,False
txn_0000334,card_00651,2026-01-11T05:31:54Z,96.2,travel,DE,False,False
txn_0000335,card_00278,2026-01-24T17:02:33Z,19.85,restaurant,SG,True,False
txn_0000336,card_00081,2026-01-30T13:06:42Z,24.69,pharmacy,DE,True,False
txn_0000337,card_00527,2026-01-01T17:44:00Z,190.52,online_retail,AE,True,False
txn_0000338,card_00689,2026-01-29T15:38:27Z,62.07,grocery,GB,False,False
txn_0000339,card_00477,2026-01-26T20:23:48Z,46.93,travel,DE,True,False
txn_0000340,card_00315,2026-01-29T01:54:17Z,195.89,travel,SG,False,False
txn_0000341,card_00428,2026-01-08T09:43:17Z,65.68,online_retail,GB,True,False
txn_0000342,card_00030,2026-01-20T00:45:06Z,169.89,atm_withdrawal,AE,False,False
txn_0000343,card_00524,2026-01-03T01:52:13Z,197.29,entertainment,US,True,False
txn_0000344,card_00858,2026-01-12T13:20:01Z,52.15,travel,AE,False,False
txn_0000345,card_00035,2026-01-03T21:14:16Z,264.07,entertainment,SG,False,False
txn_0000346,card_00129,2026-01-15T01:57:30Z,23.73,travel,GB,False,False
txn_0000347,card_00527,2026-01-12T02:47:44Z,11.48,utilities,IN,True,False
txn_0000348,card_00657,2026-01-15T01:23:49Z,28.5,online_retail,GB,True,False
txn_0000349,card_00170,2026-01-02T19:51:11Z,34.55,atm_withdrawal,US,False,False
txn_0000350,card_00615,2026-01-02T23:56:05Z,67.19,online_retail,AE,True,False
txn_0000351,card_00490,2026-01-18T16:24:33Z,485.76,utilities,SG,True,True
txn_0000352,card_00484,2026-01-30T14:35:00Z,49.42,pharmacy,SG,False,False
txn_0000353,card_00381,2026-01-09T18:54:40Z,270.83,entertainment,DE,True,False
txn_0000354,card_00619,2026-01-01T23:35:52Z,199.52,grocery,IN,True,False
txn_0000355,card_00494,2026-01-06T07:04:36Z,36.07,restaurant,SG,True,False
txn_0000356,card_00797,2026-01-09T15:12:39Z,32.66,travel,AE,True,False
txn_0000357,card_00015,2026-01-02T02:14:43Z,6.24,pharmacy,US,True,False
txn_0000358,card_00463,2026-01-16T23:52:17Z,111.53,travel,DE,True,False
txn_0000359,card_00141,2026-01-27T05:31:16Z,103.91,online_retail,AE,False,False
txn_0000360,card_00005,2026-01-09T00:37:15Z,34.47,electronics,IN,False,False
txn_0000361,card_00812,2026-01-02T20:07:27Z,64.06,utilities,US,True,False
txn_0000362,card_00319,2026-01-02T15:58:30Z,259.09,travel,SG,False,False
txn_0000363,card_00189,2026-01-26T16:51:26Z,152.68,entertainment,DE,False,False
txn_0000364,card_00491,2026-01-01T02:37:58Z,73.29,online_retail,AE,True,False
txn_0000365,card_00728,2026-01-28T09:42:42Z,85.86,atm_withdrawal,US,False,False
txn_0000366,card_00271,2026-01-06T00:19:28Z,89.79,pharmacy,SG,True,False
txn_0000367,card_00889,2026-01-18T10:59:07Z,78.75,restaurant,IN,False,False
txn_0000368,card_00314,2026-01-06T23:04:12Z,17.0,pharmacy,DE,False,False
txn_0000369,card_00155,2026-01-26T00:32:50Z,143.5,utilities,SG,False,False
txn_0000370,card_00028,2026-01-05T23:05:16Z,146.58,entertainment,AE,False,False
txn_0000371,card_00364,2026-01-13T03:16:47Z,63.57,fuel,US,True,False
txn_0000372,card_00467,2026-01-26T00:26:16Z,126.98,electronics,GB,False,False
txn_0000373,card_00092,2026-01-07T09:24:50Z,147.34,utilities,IN,False,False
txn_0000374,card_00157,2026-01-05T02:07:45Z,457.8,entertainment,GB,True,False
txn_0000375,card_00716,2026-01-05T00:36:35Z,22.93,fuel,AE,True,False
txn_0000376,card_00702,2026-01-28T14:21:49Z,98.67,restaurant,IN,True,False
txn_0000377,card_00895,2026-01-28T11:30:23Z,83.29,entertainment,US,False,False
txn_0000378,card_00241,2026-01-16T11:40:34Z,35.29,entertainment,DE,False,False
txn_0000379,card_00234,2026-01-02T07:21:11Z,106.13,grocery,IN,False,False
txn_0000380,card_00328,2026-01-06T08:59:40Z,190.25,restaurant,AE,True,False
txn_0000381,card_00494,2026-01-29T06:47:44Z,19.61,atm_withdrawal,IN,False,False
txn_0000382,card_00091,2026-01-01T17:05:32Z,49.85,atm_withdrawal,IN,False,False
txn_0000383,card_00617,2026-01-23T15:40:31Z,12.29,pharmacy,AE,False,False
txn_0000384,card_00177,2026-01-21T10:55:21Z,84.73,online_retail,SG,True,False
txn_0000385,card_00887,2026-01-12T23:11:04Z,38.55,online_retail,DE,False,False
txn_0000386,card_00745,2026-01-22T14:52:21Z,4.87,entertainment,DE,True,False
txn_0000387,card_00541,2026-01-29T05:38:07Z,28.26,electronics,SG,True,False
txn_0000388,card_00802,2026-01-25T17:19:55Z,225.1,electronics,GB,True,False
txn_0000389,card_00339,2026-01-30T08:47:18Z,23.53,restaurant,GB,True,False
txn_0000390,card_00739,2026-01-09T10:42:46Z,144.9,entertainment,IN,False,False
txn_0000391,card_00269,2026-01-29T18:14:51Z,156.87,restaurant,AE,True,False
txn_0000392,card_00604,2026-01-17T04:36:27Z,539.24,electronics,DE,False,True
txn_0000393,card_00316,2026-01-29T02:34:00Z,48.05,grocery,GB,True,False
txn_0000394,card_00388,2026-01-28T19:03:41Z,32.09,electronics,IN,True,False
txn_0000395,card_00826,2026-01-21T18:03:36Z,45.51,online_retail,SG,True,False
txn_0000396,card_00836,2026-01-23T11:45:13Z,29.96,grocery,GB,True,False
txn_0000397,card_00396,2026-01-25T01:19:44Z,26.26,pharmacy,GB,False,False
txn_0000398,card_00426,2026-01-29T03:02:15Z,60.33,electronics,AE,True,False
txn_0000399,card_00588,2026-01-20T23:16:13Z,312.32,fuel,US,False,False
txn_0000400,card_00632,2026-01-11T21:04:14Z,63.94,grocery,DE,False,False
txn_0000401,card_00789,2026-01-02T12:28:35Z,27.71,fuel,SG,True,False
txn_0000402,card_00252,2026-01-30T21:00:06Z,70.46,pharmacy,DE,True,False
txn_0000403,card_00210,2026-01-27T03:39:53Z,306.11,restaurant,GB,False,False
txn_0000404,card_00465,2026-01-06T13:19:08Z,82.15,entertainment,IN,False,False
txn_0000405,card_00872,2026-01-25T03:25:03Z,69.94,fuel,AE,False,False
txn_0000406,card_00684,2026-01-06T08:37:46Z,39.3,restaurant,AE,True,False
txn_0000407,card_00021,2026-01-16T10:09:50Z,152.88,travel,DE,True,False
txn_0000408,card_00873,2026-01-08T22:31:12Z,264.38,fuel,SG,False,False
txn_0000409,card_00584,2026-01-19T09:17:59Z,5491.58,fuel,US,True,True
txn_0000410,card_00485,2026-01-15T15:00:55Z,53.63,restaurant,US,True,False
txn_0000411,card_00551,2026-01-25T08:29:38Z,64.78,electronics,AE,True,False
txn_0000412,card_00711,2026-01-18T16:08:50Z,119.46,pharmacy,IN,False,False
txn_0000413,card_00066,2026-01-11T05:51:31Z,562.15,fuel,SG,False,False
txn_0000414,card_00844,2026-01-12T18:59:24Z,78.36,travel,AE,True,False
txn_0000415,card_00583,2026-01-27T20:12:18Z,70.85,utilities,AE,False,False
txn_0000416,card_00884,2026-01-10T17:24:08Z,115.99,pharmacy,DE,False,False
txn_0000417,card_00516,2026-01-27T07:21:30Z,17.79,atm_withdrawal,AE,True,False
txn_0000418,card_00896,2026-01-14T14:13:37Z,48.41,travel,SG,True,False
txn_0000419,card_00886,2026-01-04T05:03:27Z,14.48,atm_withdrawal,AE,True,False
txn_0000420,card_00240,2026-01-18T08:35:59Z,52.23,entertainment,GB,True,False
txn_0000421,card_00788,2026-01-29T21:43:38Z,256.05,atm_withdrawal,AE,False,False
txn_0000422,card_00481,2026-01-02T16:10:43Z,7.55,pharmacy,GB,True,False
txn_0000423,card_00623,2026-01-12T13:43:30Z,252.48,electronics,AE,False,False
txn_0000424,card_00803,2026-01-22T04:05:49Z,36.3,electronics,SG,True,False
txn_0000425,card_00414,2026-01-29T13:02:19Z,54.39,travel,IN,True,False
txn_0000426,card_00133,2026-01-05T08:50:52Z,17.09,pharmacy,AE,True,False
txn_0000427,card_00725,2026-01-12T17:32:28Z,71.91,atm_withdrawal,AE,True,False
txn_0000428,card_00323,2026-01-08T20:30:16Z,12.38,electronics,SG,False,False
txn_0000429,card_00239,2026-01-18T10:06:38Z,3480.7,grocery,IN,False,True
txn_0000430,card_00831,2026-01-17T13:46:40Z,32.97,pharmacy,SG,True,False
txn_0000431,card_00378,2026-01-23T01:27:19Z,250.6,electronics,SG,False,False
txn_0000432,card_00853,2026-01-11T10:18:53Z,21.56,atm_withdrawal,DE,False,False
txn_0000433,card_00617,2026-01-04T08:24:11Z,175.12,electronics,US,True,False
txn_0000434,card_00101,2026-01-27T09:53:26Z,24.99,pharmacy,SG,True,False
txn_0000435,card_00151,2026-01-08T15:10:00Z,961.8,pharmacy,IN,True,True
txn_0000436,card_00898,2026-01-17T09:45:50Z,78.68,travel,GB,False,False
txn_0000437,card_00551,2026-01-14T10:05:19Z,54.43,fuel,GB,True,False
txn_0000438,card_00742,2026-01-25T23:44:28Z,48.46,atm_withdrawal,DE,False,False
txn_0000439,card_00340,2026-01-22T13:55:04Z,90.14,grocery,GB,True,False
txn_0000440,card_00770,2026-01-23T10:50:53Z,11.42,pharmacy,GB,True,False
txn_0000441,card_00501,2026-01-04T20:53:53Z,71.25,grocery,DE,True,False
txn_0000442,card_00135,2026-01-09T00:24:50Z,181.23,online_retail,DE,True,False
txn_0000443,card_00506,2026-01-02T06:51:52Z,221.86,entertainment,DE,True,False
txn_0000444,card_00900,2026-01-21T17:32:27Z,327.93,travel,US,False,False
txn_0000445,card_00330,2026-01-19T00:03:01Z,54.8,atm_withdrawal,GB,True,False
txn_0000446,card_00732,2026-01-17T14:53:35Z,211.94,atm_withdrawal,DE,True,False
txn_0000447,card_00834,2026-01-19T12:14:44Z,23.58,utilities,US,False,True
txn_0000448,card_00430,2026-01-30T15:27:44Z,16.35,pharmacy,IN,True,False
txn_0000449,card_00734,2026-01-15T06:17:56Z,57.94,travel,DE,True,False
txn_0000450,card_00197,2026-01-08T23:35:55Z,88.83,online_retail,AE,True,False
txn_0000451,card_00221,2026-01-02T06:06:56Z,124.86,entertainment,IN,True,False
txn_0000452,card_00523,2026-01-24T16:55:00Z,163.13,electronics,SG,True,False
txn_0000453,card_00542,2026-01-19T16:10:27Z,31.31,travel,GB,False,False
txn_0000454,card_00632,2026-01-23T09:56:27Z,21.45,entertainment,IN,True,False
txn_0000455,card_00508,2026-01-27T17:06:39Z,150.26,utilities,US,True,False
txn_0000456,card_00599,2026-01-30T07:48:18Z,52.09,travel,DE,False,False
txn_0000457,card_00789,2026-01-29T09:03:48Z,55.11,restaurant,AE,False,False
txn_0000458,card_00048,2026-01-24T22:43:19Z,70.39,online_retail,DE,False,False
txn_0000459,card_00394,2026-01-20T01:21:04Z,13.21,online_retail,IN,True,False
txn_0000460,card_00691,2026-01-17T15:17:25Z,100.69,grocery,US,False,False
txn_0000461,card_00472,2026-01-12T09:45:39Z,59.9,grocery,IN,True,False
txn_0000462,card_00397,2026-01-15T15:59:31Z,32.39,fuel,GB,True,False
txn_0000463,card_00055,2026-01-19T19:56:05Z,59.06,electronics,AE,True,False
txn_0000464,card_00097,2026-01-26T16:36:49Z,30.84,travel,GB,False,False
txn_0000465,card_00154,2026-01-29T02:22:04Z,117.34,grocery,SG,False,False
txn_0000466,card_00192,2026-01-28T05:21:52Z,172.03,pharmacy,IN,True,False
txn_0000467,card_00581,2026-01-10T20:23:20Z,27.56,travel,SG,False,False
txn_0000468,card_00118,2026-01-15T09:36:01Z,29.82,pharmacy,IN,True,False
txn_0000469,card_00894,2026-01-29T04:56:17Z,35.17,online_retail,IN,True,False
txn_0000470,card_00138,2026-01-07T14:04:46Z,19.74,grocery,GB,False,False
txn_0000471,card_00780,2026-01-11T04:29:28Z,22.85,online_retail,DE,False,False
txn_0000472,card_00383,2026-01-02T07:42:16Z,104.62,atm_withdrawal,AE,True,False
txn_0000473,card_00767,2026-01-25T16:52:08Z,42.39,restaurant,SG,True,False
txn_0000474,card_00326,2026-01-13T12:22:40Z,222.35,pharmacy,DE,False,False
txn_0000475,card_00169,2026-01-05T23:05:13Z,242.92,pharmacy,IN,True,False
txn_0000476,card_00886,2026-01-30T20:21:24Z,145.34,entertainment,AE,True,False
txn_0000477,card_00044,2026-01-02T03:33:43Z,41.72,utilities,AE,True,False
txn_0000478,card_00653,2026-01-28T04:01:45Z,427.7,utilities,SG,True,False
txn_0000479,card_00787,2026-01-21T06:22:04Z,74.43,restaurant,AE,True,False
txn_0000480,card_00261,2026-01-27T15:15:57Z,7.38,fuel,SG,False,False
txn_0000481,card_00794,2026-01-14T13:13:16Z,40.81,grocery,US,True,False
txn_0000482,card_00842,2026-01-05T04:48:04Z,9.79,travel,US,True,False
txn_0000483,card_00109,2026-01-19T18:15:05Z,304.53,atm_withdrawal,US,True,False
txn_0000484,card_00752,2026-01-23T16:19:22Z,313.68,restaurant,US,False,False
txn_0000485,card_00816,2026-01-16T00:32:05Z,100.1,electronics,GB,False,False
txn_0000486,card_00303,2026-01-18T02:56:40Z,183.29,online_retail,DE,False,False
txn_0000487,card_00634,2026-01-10T04:55:59Z,61.5,electronics,DE,True,False
txn_0000488,card_00088,2026-01-14T03:51:38Z,664.03,grocery,IN,True,False
txn_0000489,card_00037,2026-01-26T20:23:25Z,141.3,fuel,US,True,False
txn_0000490,card_00560,2026-01-05T02:15:00Z,70.44,online_retail,GB,True,False
txn_0000491,card_00406,2026-01-25T08:05:08Z,131.95,electronics,IN,False,False
txn_0000492,card_00237,2026-01-12T01:39:09Z,41.42,utilities,AE,True,False
txn_0000493,card_00832,2026-01-10T07:23:57Z,36.12,atm_withdrawal,DE,False,False
txn_0000494,card_00811,2026-01-06T12:43:43Z,130.72,travel,US,False,False
txn_0000495,card_00582,2026-01-09T00:37:24Z,6.67,utilities,DE,False,False
txn_0000496,card_00306,2026-01-26T13:26:35Z,73.29,fuel,SG,True,False
txn_0000497,card_00160,2026-01-03T11:33:23Z,65.47,atm_withdrawal,AE,False,False
txn_0000498,card_00899,2026-01-29T10:21:41Z,100.51,atm_withdrawal,GB,False,False
txn_0000499,card_00293,2026-01-30T18:49:35Z,93.13,fuel,AE,True,False
