transaction_id,card_id,timestamp,amount,merchant_category,country,card_present,is_fraud
txn_0000000,card_00720,2026-01-30T13:46:43Z,10.32,pharmacy,DE,False,False
txn_0000001,card_00681,2026-01-29T11:01:23Z,61.43,atm_withdrawal,DE,True,False
txn_0000002,card_00771,2026-01-16T02:04:48Z,91.44,utilities,AE,False,False
txn_0000003,card_00703,2026-01-20T15:02:53Z,76.07,entertainment,IN,False,False
txn_0000004,card_00150,2026-01-29T22:11:29Z,34.91,entertainment,US,False,False
txn_0000005,card_00520,2026-01-04T05:13:16Z,11.54,restaurant,SG,True,False
txn_0000006,card_00361,2026-01-05T18:36:40Z,679.68,utilities,US,False,False
txn_0000007,card_00418,2026-01-20T17:23:23Z,33.02,entertainment,SG,True,False
txn_0000008,card_00806,2026-01-09T06:08:11Z,9.76,electronics,IN,False,False
txn_0000009,card_00870,2026-01-23T14:15:44Z,58.41,fuel,US,False,False
txn_0000010,card_00158,2026-01-25T12:42:43Z,17.79,fuel,AE,True,False
txn_0000011,card_00505,2026-01-13T05:14:26Z,94.42,online_retail,AE,False,False
txn_0000012,card_00060,2026-01-10T04:12:22Z,23.55,travel,IN,True,False
txn_0000013,card_00116,2026-01-05T03:40:58Z,39.2,pharmacy,GB,True,False
txn_0000014,card_00522,2026-01-06T04:30:40Z,14.56,restaurant,US,True,False
txn_0000015,card_00583,2026-01-10T21:17:11Z,36.26,grocery,SG,True,False
txn_0000016,card_00833,2026-01-17T20:39:33Z,138.61,fuel,IN,True,False
txn_0000017,card_00575,2026-01-29T17:27:22Z,26.15,atm_withdrawal,GB,False,False
txn_0000018,card_00384,2026-01-02T16:21:13Z,144.0,grocery,AE,True,False
txn_0000019,card_00237,2026-01-15T08:21:46Z,77.24,travel,SG,True,False
txn_0000020,card_00356,2026-01-13T13:39:27Z,172.24,atm_withdrawal,DE,True,False
txn_0000021,card_00364,2026-01-17T08:29:20Z,278.87,online_retail,IN,True,False
txn_0000022,card_00296,2026-01-04T22:45:09Z,65.66,atm_withdrawal,US,False,False
txn_0000023,card_00373,2026-01-05T05:37:26Z,14.13,utilities,DE,True,False
txn_0000024,card_00119,2026-01-05T00:53:45Z,29.56,entertainment,SG,True,False
txn_0000025,card_00874,2026-01-13T00:58:09Z,564.25,pharmacy,IN,False,True
txn_0000026,card_00628,2026-01-06T07:48:55Z,188.55,utilities,DE,True,True
txn_0000027,card_00680,2026-01-10T09:01:48Z,32.53,grocery,SG,False,False
txn_0000028,card_00252,2026-01-26T14:39:49Z,44.49,online_retail,GB,True,False
txn_0000029,card_00827,2026-01-04T18:46:10Z,28.64,travel,GB,True,False
txn_0000030,card_00468,2026-01-08T05:17:08Z,41.73,travel,US,True,False
txn_0000031,card_00163,2026-01-13T15:10:00Z,140.68,online_retail,IN,False,False
txn_0000032,card_00320,2026-01-01T15:19:52Z,566.1,electronics,IN,True,False
txn_0000033,card_00593,2026-01-03T17:40:05Z,175.32,travel,AE,True,False
txn_0000034,card_00546,2026-01-16T22:39:07Z,30.71,online_retail,IN,False,False
txn_0000035,card_00197,2026-01-24T21:21:47Z,79.79,electronics,IN,True,False
txn_0000036,card_00148,2026-01-07T07:00:59Z,47.38,atm_withdrawal,AE,False,False
txn_0000037,card_00777,2026-01-25T14:18:14Z,31.68,online_retail,GB,True,False
txn_0000038,card_00665,2026-01-14T00:48:11Z,15.5,online_retail,SG,False,True
txn_0000039,card_00281,2026-01-25T13:08:22Z,167.4,electronics,IN,True,False
txn_0000040,card_00837,2026-01-25T16:51:10Z,43.69,atm_withdrawal,SG,False,False
txn_0000041,card_00656,2026-01-26T03:27:29Z,157.2,restaurant,DE,False,False
txn_0000042,card_00510,2026-01-23T12:00:19Z,41.3,entertainment,DE,True,False
txn_0000043,card_00644,2026-01-17T23:37:27Z,47.14,utilities,AE,False,False
txn_0000044,card_00824,2026-01-03T02:49:26Z,60.71,electronics,GB,True,False
txn_0000045,card_00217,2026-01-29T06:58:56Z,140.42,pharmacy,AE,True,False
txn_0000046,card_00241,2026-01-01T07:35:01Z,57.19,restaurant,SG,True,False
txn_0000047,card_00641,2026-01-18T04:10:17Z,51.02,online_retail,GB,False,False
txn_0000048,card_00723,2026-01-13T01:45:58Z,38.73,utilities,US,True,False
txn_0000049,card_00601,2026-01-26T03:28:06Z,8.77,atm_withdrawal,AE,True,False
txn_0000050,card_00316,2026-01-19T06:52:53Z,398.22,grocery,AE,True,False
txn_0000051,card_00470,2026-01-15T01:07:18Z,146.56,pharmacy,US,True,False
txn_0000052,card_00356,2026-01-30T23:57:14Z,85.98,entertainment,IN,True,False
txn_0000053,card_00040,2026-01-10T02:04:32Z,22.72,pharmacy,SG,False,False
txn_0000054,card_00725,2026-01-30T16:06:54Z,189.23,fuel,IN,False,False
txn_0000055,card_00032,2026-01-17T07:02:45Z,14.85,atm_withdrawal,GB,True,False
txn_0000056,card_00446,2026-01-26T17:29:34Z,274.96,travel,US,False,False
txn_0000057,card_00775,2026-01-10T12:38:09Z,118.03,grocery,IN,False,False
txn_0000058,card_00608,2026-01-23T16:41:44Z,129.99,pharmacy,GB,False,False
txn_0000059,card_00727,2026-01-24T00:42:50Z,68.0,utilities,GB,False,False
txn_0000060,card_00413,2026-01-30T21:35:27Z,113.02,grocery,GB,True,False
txn_0000061,card_00240,2026-01-09T16:15:03Z,57.76,atm_withdrawal,US,True,False
txn_0000062,card_00058,2026-01-02T14:54:12Z,81.78,travel,DE,True,False
txn_0000063,card_00197,2026-01-22T10:43:24Z,65.56,atm_withdrawal,GB,False,False
txn_0000064,card_00570,2026-01-02T01:42:06Z,184.64,fuel,US,True,False
txn_0000065,card_00548,2026-01-03T03:59:39Z,23.29,entertainment,GB,True,False
txn_0000066,card_00689,2026-01-17T19:52:42Z,7.07,fuel,IN,True,False
txn_0000067,card_00820,2026-01-05T03:40:30Z,25.87,atm_withdrawal,IN,False,False
txn_0000068,card_00804,2026-01-14T10:04:41Z,86.91,entertainment,AE,False,False
txn_0000069,card_00301,2026-01-16T13:09:29Z,131.86,pharmacy,GB,True,False
txn_0000070,card_00455,2026-01-12T23:06:20Z,28.33,utilities,SG,False,False
txn_0000071,card_00506,2026-01-28T09:50:27Z,276.72,restaurant,DE,True,False
txn_0000072,card_00768,2026-01-06T22:01:17Z,102.64,restaurant,US,False,False
txn_0000073,card_00294,2026-01-03T22:52:37Z,36.13,utilities,DE,True,False
txn_0000074,card_00793,2026-01-25T10:41:42Z,118.8,travel,GB,False,False
txn_0000075,card_00513,2026-01-26T19:42:01Z,94.55,atm_withdrawal,SG,False,False
txn_0000076,card_00519,2026-01-17T05:57:23Z,1135.9,utilities,GB,False,True
txn_0000077,card_00097,2026-01-13T08:49:30Z,1.59,utilities,GB,False,False
txn_0000078,card_00025,2026-01-24T01:04:58Z,51.07,travel,GB,False,False
txn_0000079,card_00437,2026-01-14T18:41:28Z,74.79,travel,GB,False,False
txn_0000080,card_00170,2026-01-12T03:05:48Z,41.62,fuel,SG,False,False
txn_0000081,card_00202,2026-01-09T09:21:44Z,148.69,electronics,GB,False,False
txn_0000082,card_00413,2026-01-10T12:23:33Z,70.75,travel,IN,True,False
txn_0000083,card_00252,2026-01-18T15:51:40Z,1145.94,pharmacy,IN,False,False
txn_0000084,card_00059,2026-01-24T18:05:20Z,76.99,online_retail,SG,False,False
txn_0000085,card_00332,2026-01-06T22:44:56Z,934.62,restaurant,AE,False,False
txn_0000086,card_00062,2026-01-09T05:11:47Z,68.13,grocery,IN,True,False
txn_0000087,card_00515,2026-01-19T09:29:53Z,20.3,grocery,GB,True,False
txn_0000088,card_00360,2026-01-09T12:45:22Z,141.85,travel,IN,True,False
txn_0000089,card_00136,2026-01-29T07:12:44Z,198.96,entertainment,US,False,False
txn_0000090,card_00463,2026-01-30T10:59:22Z,64.12,restaurant,IN,False,False
txn_0000091,card_00182,2026-01-27T15:54:54Z,55.14,restaurant,SG,False,False
txn_0000092,card_00703,2026-01-29T07:16:40Z,92.35,fuel,GB,True,False
txn_0000093,card_00203,2026-01-17T15:38:34Z,298.57,restaurant,IN,False,False
txn_0000094,card_00044,2026-01-22T00:29:31Z,25.26,fuel,IN,False,False
txn_0000095,card_00573,2026-01-18T13:17:38Z,31.27,pharmacy,SG,True,False
txn_0000096,card_00391,2026-01-04T21:04:38Z,169.31,electronics,SG,False,False
txn_0000097,card_00230,2026-01-12T05:55:53Z,27.7,utilities,AE,False,False
txn_0000098,card_00517,2026-01-16T03:51:15Z,82.22,grocery,IN,True,False
txn_0000099,card_00590,2026-01-24T07:12:35Z,87.71,grocery,DE,True,False
txn_0000100,card_00264,2026-01-10T17:47:16Z,42.7,atm_withdrawal,GB,True,False
txn_0000101,card_00780,2026-01-16T22:32:19Z,56.14,online_retail,AE,False,False
txn_0000102,card_00816,2026-01-06T07:58:13Z,234.22,grocery,IN,True,False
txn_0000103,card_00722,2026-01-04T21:56:28Z,90.62,travel,GB,False,False
txn_0000104,card_00579,2026-01-18T17:01:45Z,374.02,utilities,AE,True,False
txn_0000105,card_00324,2026-01-14T01:45:16Z,72.85,grocery,AE,True,False
txn_0000106,card_00351,2026-01-20T19:24:21Z,127.38,fuel,US,False,False
txn_0000107,card_00121,2026-01-14T09:27:06Z,438.76,electronics,SG,False,False
txn_0000108,card_00703,2026-01-13T15:34:59Z,27.46,grocery,AE,False,False
txn_0000109,card_00655,2026-01-04T18:17:17Z,26.54,fuel,DE,False,False
txn_0000110,card_00598,2026-01-21T10:46:48Z,308.27,fuel,SG,False,False
txn_0000111,card_00613,2026-01-22T08:07:50Z,70.1,fuel,SG,True,False
txn_0000112,card_00344,2026-01-09T02:35:02Z,47.8,travel,US,False,True
txn_0000113,card_00837,2026-01-08T04:39:47Z,120.78,fuel,GB,True,False
txn_0000114,card_00363,2026-01-02T02:20:28Z,16.13,travel,IN,True,False
txn_0000115,card_00861,2026-01-15T04:59:08Z,70.8,atm_withdrawal,SG,True,False
txn_0000116,card_00303,2026-01-25T14:50:58Z,137.14,pharmacy,GB,True,False
txn_0000117,card_00808,2026-01-01T00:53:28Z,22.65,utilities,SG,False,False
txn_0000118,card_00467,2026-01-26T02:28:57Z,75.49,grocery,IN,True,False
txn_0000119,card_00536,2026-01-22T01:01:15Z,26.39,fuel,IN,True,False
txn_0000120,card_00680,2026-01-22T10:51:49Z,6.7,entertainment,IN,False,False
txn_0000121,card_00646,2026-01-21T20:36:40Z,118.48,electronics,GB,True,False
txn_0000122,card_00613,2026-01-30T20:25:08Z,86.37,online_retail,US,True,False
txn_0000123,card_00187,2026-01-23T19:42:23Z,220.29,utilities,GB,True,False
txn_0000124,card_00503,2026-01-29T14:50:59Z,54.78,atm_withdrawal,DE,True,False
txn_0000125,card_00169,2026-01-30T11:24:24Z,26.92,pharmacy,GB,True,False
txn_0000126,card_00866,2026-01-11T20:14:39Z,21.14,electronics,DE,False,False
txn_0000127,card_00429,2026-01-28T00:07:53Z,38.24,grocery,US,False,False
txn_0000128,card_00501,2026-01-07T03:05:03Z,26.5,pharmacy,DE,True,False
txn_0000129,card_00422,2026-01-02T05:28:03Z,135.88,entertainment,IN,False,False
txn_0000130,card_00760,2026-01-19T00:21:22Z,79.05,atm_withdrawal,AE,True,False
txn_0000131,card_00869,2026-01-27T07:22:53Z,256.94,grocery,GB,False,True
txn_0000132,card_00573,2026-01-21T00:29:10Z,17.88,travel,SG,False,False
txn_0000133,card_00285,2026-01-07T19:03:34Z,35.6,restaurant,IN,False,False
txn_0000134,card_00456,2026-01-04T03:07:01Z,162.11,utilities,GB,True,False
txn_0000135,card_00518,2026-01-12T14:31:21Z,31.84,entertainment,IN,False,False
txn_0000136,card_00529,2026-01-13T16:23:37Z,1138.69,fuel,SG,False,False
txn_0000137,card_00127,2026-01-02T12:13:51Z,10.93,atm_withdrawal,GB,True,False
txn_0000138,card_00765,2026-01-20T23:36:15Z,16.3,fuel,US,True,False
txn_0000139,card_00831,2026-01-27T07:08:35Z,104.87,grocery,GB,True,False
txn_0000140,card_00616,2026-01-21T10:04:11Z,13.91,grocery,GB,False,False
txn_0000141,card_00248,2026-01-07T23:19:41Z,95.61,restaurant,SG,True,False
txn_0000142,card_00193,2026-01-26T09:15:55Z,53.37,fuel,IN,False,False
txn_0000143,card_00426,2026-01-01T04:15:31Z,13.96,entertainment,SG,False,False
txn_0000144,card_00783,2026-01-25T17:51:34Z,181.13,entertainment,SG,True,False
txn_0000145,card_00080,2026-01-01T11:55:55Z,66.39,utilities,DE,False,False
txn_0000146,card_00371,2026-01-17T12:32:43Z,79.46,entertainment,GB,True,False
txn_0000147,card_00832,2026-01-29T15:39:26Z,17.55,restaurant,DE,True,False
txn_0000148,card_00566,2026-01-09T05:48:10Z,201.24,travel,IN,False,False
txn_0000149,card_00287,2026-01-03T22:38:59Z,32.01,pharmacy,DE,True,False
txn_0000150,card_00033,2026-01-29T11:10:39Z,138.25,grocery,DE,False,False
txn_0000151,card_00061,2026-01-09T16:51:11Z,66.71,online_retail,DE,True,True
txn_0000152,card_00534,2026-01-10T09:31:45Z,127.73,utilities,AE,False,False
txn_0000153,card_00692,2026-01-30T03:45:43Z,31.96,fuel,GB,False,False
txn_0000154,card_00094,2026-01-07T21:58:34Z,200.32,restaurant,GB,True,False
txn_0000155,card_00227,2026-01-13T10:03:56Z,40.71,online_retail,AE,False,False
txn_0000156,card_00056,2026-01-14T16:34:37Z,648.31,pharmacy,SG,False,False
txn_0000157,card_00325,2026-01-02T12:14:36Z,55.15,restaurant,IN,True,False
txn_0000158,card_00669,2026-01-24T05:23:07Z,157.29,utilities,IN,True,False
txn_0000159,card_00899,2026-01-15T13:37:30Z,100.95,electronics,DE,True,False
txn_0000160,card_00646,2026-01-11T21:32:25Z,98.9,utilities,US,False,False
txn_0000161,card_00456,2026-01-08T04:21:44Z,194.5,travel,GB,True,False
txn_0000162,card_00767,2026-01-30T22:53:51Z,132.74,fuel,SG,True,False
txn_0000163,card_00182,2026-01-07T09:28:05Z,1.95,utilities,AE,True,False
txn_0000164,card_00157,2026-01-02T19:05:11Z,1373.27,travel,IN,False,False
txn_0000165,card_00020,2026-01-05T02:23:25Z,52.35,electronics,IN,True,False
txn_0000166,card_00705,2026-01-17T06:42:38Z,113.09,atm_withdrawal,IN,True,True
txn_0000167,card_00658,2026-01-14T01:00:11Z,15.51,entertainment,GB,True,False
txn_0000168,card_00684,2026-01-10T08:36:06Z,190.29,utilities,IN,False,False
txn_0000169,card_00877,2026-01-10T11:42:04Z,520.98,grocery,AE,False,False
txn_0000170,card_00056,2026-01-25T18:22:26Z,38.13,travel,SG,True,False
txn_0000171,card_00708,2026-01-19T15:57:40Z,28.08,pharmacy,DE,False,False
txn_0000172,card_00191,2026-01-27T15:12:55Z,17.44,electronics,GB,True,False
txn_0000173,card_00567,2026-01-08T21:05:04Z,69.15,online_retail,DE,False,False
txn_0000174,card_00466,2026-01-01T09:24:28Z,112.67,travel,US,True,False
txn_0000175,card_00858,2026-01-04T01:45:53Z,42.42,travel,AE,True,False
txn_0000176,card_00762,2026-01-17T06:52:48Z,32.88,grocery,SG,True,False
txn_0000177,card_00022,2026-01-10T07:10:14Z,33.72,fuel,IN,False,False
txn_0000178,card_00371,2026-01-26T06:40:13Z,219.35,restaurant,AE,False,False
txn_0000179,card_00081,2026-01-14T09:30:19Z,214.35,fuel,DE,True,True
txn_0000180,card_00154,2026-01-03T16:23:24Z,112.92,utilities,GB,False,False
txn_0000181,card_00844,2026-01-27T11:41:57Z,61.17,travel,GB,False,False
txn_0000182,card_00556,2026-01-12T07:17:33Z,26.78,pharmacy,DE,True,False
txn_0000183,card_00819,2026-01-16T08:02:37Z,544.95,pharmacy,US,False,False
txn_0000184,card_00478,2026-01-13T20:38:00Z,148.52,restaurant,DE,False,False
txn_0000185,card_00107,2026-01-29T19:25:03Z,42.54,fuel,SG,True,True
txn_0000186,card_00437,2026-01-25T06:38:17Z,72.38,restaurant,AE,True,False
txn_0000187,card_00376,2026-01-28T20:09:49Z,24.01,atm_withdrawal,AE,False,False
txn_0000188,card_00215,2026-01-20T04:31:46Z,125.58,atm_withdrawal,US,True,False
txn_0000189,card_00032,2026-01-10T20:16:49Z,37.74,electronics,DE,True,False
txn_0000190,card_00237,2026-01-28T23:39:59Z,16.89,atm_withdrawal,IN,False,False
txn_0000191,card_00455,2026-01-10T23:04:52Z,84.7,travel,IN,True,False
txn_0000192,card_00114,2026-01-25T12:20:27Z,46.09,pharmacy,AE,True,False
txn_0000193,card_00684,2026-01-16T19:34:28Z,68.45,restaurant,US,False,False
txn_0000194,card_00838,2026-01-30T13:38:32Z,234.17,restaurant,AE,True,False
txn_0000195,card_00327,2026-01-15T09:06:02Z,38.55,grocery,SG,False,False
txn_0000196,card_00713,2026-01-28T21:46:51Z,68.86,grocery,AE,False,False
txn_0000197,card_00674,2026-01-25T14:33:36Z,211.25,utilities,SG,False,False
txn_0000198,card_00474,2026-01-18T00:47:31Z,85.38,online_retail,DE,False,False
txn_0000199,card_00768,2026-01-23T23:59:45Z,45.82,grocery,AE,True,False
txn_0000200,card_00395,2026-01-17T08:24:39Z,22.25,travel,DE,True,False
txn_0000201,card_00641,2026-01-23T01:38:07Z,24.04,electronics,GB,False,False
txn_0000202,card_00422,2026-01-23T17:47:49Z,17.59,electronics,GB,False,False
txn_0000203,card_00256,2026-01-09T04:25:57Z,46.52,pharmacy,DE,True,False
txn_0000204,card_00419,2026-01-11T01:49:25Z,29.85,travel,GB,False,False
txn_0000205,card_00831,2026-01-05T16:21:10Z,142.63,travel,DE,True,False
txn_0000206,card_00615,2026-01-12T03:50:47Z,117.95,utilities,SG,False,False
txn_0000207,card_00109,2026-01-22T15:59:41Z,46.37,fuel,US,True,False
txn_0000208,card_00173,2026-01-21T16:42:42Z,6.59,online_retail,DE,True,False
txn_0000209,card_00636,2026-01-07T15:35:42Z,119.22,entertainment,DE,True,False
txn_0000210,card_00362,2026-01-28T05:12:28Z,86.03,utilities,AE,False,False
txn_0000211,card_00531,2026-01-14T18:55:48Z,27.77,utilities,IN,False,False
txn_0000212,card_00201,2026-01-22T02:57:11Z,13.23,pharmacy,GB,True,False
txn_0000213,card_00474,2026-01-06T23:41:01Z,62.77,entertainment,IN,False,False
txn_0000214,card_00444,2026-01-05T17:42:42Z,24.18,entertainment,GB,True,False
txn_0000215,card_00443,2026-01-09T19:03:24Z,74.94,pharmacy,SG,True,False
txn_0000216,card_00294,2026-01-07T19:45:00Z,12.89,grocery,SG,True,False
txn_0000217,card_00361,2026-01-03T20:57:25Z,254.27,fuel,AE,False,False
txn_0000218,card_00147,2026-01-18T18:50:13Z,414.62,entertainment,AE,True,True
txn_0000219,card_00577,2026-01-24T15:38:35Z,42.62,electronics,AE,True,False
txn_0000220,card_00290,2026-01-12T04:53:10Z,83.01,utilities,US,True,False
txn_0000221,card_00621,2026-01-13T09:54:12Z,136.79,atm_withdrawal,US,True,False
txn_0000222,card_00738,2026-01-30T23:36:29Z,54.75,fuel,US,True,False
txn_0000223,card_00362,2026-01-14T19:54:14Z,36.36,entertainment,DE,True,False
txn_0000224,card_00230,2026-01-05T11:48:48Z,39.59,restaurant,US,True,False
txn_0000225,card_00166,2026-01-30T16:17:45Z,28.42,grocery,US,True,False
txn_0000226,card_00865,2026-01-07T00:42:55Z,201.57,online_retail,SG,False,False
txn_0000227,card_00463,2026-01-26T00:44:39Z,27.5,online_retail,DE,True,False
txn_0000228,card_00128,2026-01-02T12:31:55Z,161.37,pharmacy,DE,False,False
txn_0000229,card_00191,2026-01-13T01:05:04Z,4.78,entertainment,DE,True,False
txn_0000230,card_00224,2026-01-04T06:49:09Z,19.67,electronics,SG,True,False
txn_0000231,card_00449,2026-01-14T02:00:19Z,85.57,fuel,GB,True,False
txn_0000232,card_00228,2026-01-01T20:38:27Z,21.21,entertainment,IN,True,False
txn_0000233,card_00125,2026-01-02T00:09:28Z,140.4,entertainment,IN,True,False
txn_0000234,card_00031,2026-01-28T17:51:20Z,30.62,electronics,IN,False,False
txn_0000235,card_00897,2026-01-05T22:16:59Z,24.04,entertainment,DE,False,False
txn_0000236,card_00725,2026-01-19T04:45:55Z,36.47,grocery,AE,False,False
txn_0000237,card_00335,2026-01-28T19:23:25Z,81.03,online_retail,GB,False,False
txn_0000238,card_00631,2026-01-08T08:03:51Z,43.84,online_retail,AE,True,False
txn_0000239,card_00540,2026-01-14T18:00:04Z,205.14,atm_withdrawal,IN,False,False
txn_0000240,card_00335,2026-01-04T08:10:41Z,71.69,entertainment,DE,True,False
txn_0000241,card_00889,2026-01-17T18:41:24Z,40.11,travel,GB,True,False
txn_0000242,card_00852,2026-01-10T11:47:29Z,311.09,restaurant,AE,False,True
txn_0000243,card_00636,2026-01-03T16:27:55Z,58.52,atm_withdrawal,IN,True,False
txn_0000244,card_00223,2026-01-07T07:13:49Z,6.67,pharmacy,DE,True,False
txn_0000245,card_00802,2026-01-23T18:05:59Z,101.91,restaurant,SG,False,False
txn_0000246,card_00367,2026-01-15T02:23:38Z,7.11,grocery,DE,False,False
txn_0000247,card_00410,2026-01-07T02:21:10Z,38.86,online_retail,IN,False,False
txn_0000248,card_00348,2026-01-19T11:36:24Z,27.37,travel,AE,True,False
txn_0000249,card_00853,2026-01-08T01:33:09Z,383.5,pharmacy,GB,True,False
txn_0000250,card_00546,2026-01-14T03:41:45Z,11.4,grocery,AE,True,False
txn_0000251,card_00647,2026-01-21T08:21:26Z,659.66,restaurant,DE,False,False
txn_0000252,card_00091,2026-01-03T13:31:58Z,127.63,atm_withdrawal,US,False,False
txn_0000253,card_00026,2026-01-07T12:28:35Z,23.35,utilities,SG,False,False
txn_0000254,card_00274,2026-01-16T13:03:14Z,209.63,electronics,AE,True,False
txn_0000255,card_00681,2026-01-24T23:26:15Z,135.43,fuel,SG,True,False
txn_0000256,card_00611,2026-01-18T19:33:44Z,51.35,utilities,DE,False,False
txn_0000257,card_00599,2026-01-24T11:54:15Z,108.77,fuel,US,True,False
txn_0000258,card_00436,2026-01-28T04:46:59Z,28.21,restaurant,DE,True,False
txn_0000259,card_00701,2026-01-24T18:10:51Z,152.37,grocery,GB,True,False
txn_0000260,card_00734,2026-01-18T14:27:11Z,36.31,online_retail,AE,False,False
txn_0000261,card_00770,2026-01-02T00:33:42Z,122.83,online_retail,DE,True,False
txn_0000262,card_00726,2026-01-14T22:07:25Z,85.5,electronics,DE,True,False
txn_0000263,card_00548,2026-01-25T23:36:13Z,74.53,utilities,IN,True,False
txn_0000264,card_00527,2026-01-13T16:20:17Z,91.62,fuel,AE,False,True
txn_0000265,card_00182,2026-01-26T07:44:24Z,6.06,grocery,GB,True,False
txn_0000266,card_00088,2026-01-21T07:54:57Z,125.48,pharmacy,AE,True,False
txn_0000267,card_00463,2026-01-15T03:39:01Z,91.39,travel,GB,True,False
txn_0000268,card_00881,2026-01-17T23:47:11Z,131.08,travel,SG,True,False
txn_0000269,card_00339,2026-01-03T23:56:25Z,324.44,travel,US,False,False
txn_0000270,card_00711,2026-01-06T15:15:05Z,24.1,electronics,AE,False,False
txn_0000271,card_00206,2026-01-07T08:19:01Z,66.88,travel,AE,True,False
txn_0000272,card_00407,2026-01-20T12:50:41Z,16.81,fuel,IN,True,False
txn_0000273,card_00500,2026-01-03T05:36:16Z,53.48,electronics,IN,False,False
txn_0000274,card_00847,2026-01-05T14:36:13Z,250.72,grocery,DE,True,False
txn_0000275,card_00353,2026-01-06T04:02:51Z,108.08,atm_withdrawal,GB,True,False
txn_0000276,card_00384,2026-01-17T22:55:06Z,515.13,online_retail,US,False,False
txn_0000277,card_00741,2026-01-10T05:25:33Z,108.14,electronics,US,False,True
txn_0000278,card_00049,2026-01-14T08:25:00Z,17.36,restaurant,US,True,False
txn_0000279,card_00613,2026-01-19T00:52:45Z,23.55,restaurant,US,True,False
txn_0000280,card_00284,2026-01-05T01:03:37Z,32.0,entertainment,US,True,False
txn_0000281,card_00049,2026-01-11T14:23:12Z,40.28,pharmacy,SG,True,False
txn_0000282,card_00278,2026-01-29T01:07:18Z,104.56,entertainment,SG,True,False
txn_0000283,card_00403,2026-01-12T15:53:25Z,62.55,travel,US,True,False
txn_0000284,card_00525,2026-01-30T19:56:08Z,35.58,atm_withdrawal,DE,True,False
txn_0000285,card_00338,2026-01-21T00:05:01Z,42.41,restaurant,SG,True,False
txn_0000286,card_00203,2026-01-06T11:47:38Z,195.53,travel,AE,False,False
txn_0000287,card_00293,2026-01-13T08:18:55Z,244.27,online_retail,AE,True,False
txn_0000288,card_00288,2026-01-10T09:58:32Z,36.38,travel,GB,True,False
txn_0000289,card_00506,2026-01-22T17:42:32Z,165.41,atm_withdrawal,AE,False,False
txn_0000290,card_00477,2026-01-19T05:07:55Z,160.16,restaurant,GB,False,False
txn_0000291,card_00889,2026-01-20T17:59:32Z,20.62,fuel,GB,False,False
txn_0000292,card_00848,2026-01-10T21:24:18Z,146.79,utilities,SG,False,False
txn_0000293,card_00211,2026-01-24T23:59:31Z,49.89,entertainment,AE,True,False
txn_0000294,card_00161,2026-01-09T15:55:05Z,110.8,restaurant,DE,True,False
txn_0000295,card_00404,2026-01-28T06:32:41Z,188.79,atm_withdrawal,DE,False,False
txn_0000296,card_00492,2026-01-05T01:12:44Z,17.1,fuel,IN,True,False
txn_0000297,card_00184,2026-01-20T09:56:28Z,85.51,entertainment,DE,True,False
txn_0000298,card_00549,2026-01-26T14:56:01Z,140.92,entertainment,DE,False,False
txn_0000299,card_00681,2026-01-05T09:37:40Z,35.2,grocery,IN,True,False
txn_0000300,card_00596,2026-01-19T06:40:46Z,15.28,entertainment,US,True,False
txn_0000301,card_00818,2026-01-18T14:27:43Z,77.15,utilities,US,True,False
txn_0000302,card_00409,2026-01-03T16:16:49Z,36.54,grocery,SG,True,False
txn_0000303,card_00559,2026-01-23T06:39:16Z,55.65,fuel,AE,True,False
txn_0000304,card_00118,2026-01-14T23:23:25Z,59.67,utilities,US,False,False
txn_0000305,card_00049,2026-01-13T13:17:36Z,12.62,electronics,US,False,False
txn_0000306,card_00882,2026-01-18T16:40:00Z,20.63,restaurant,SG,True,False
txn_0000307,card_00369,2026-01-29T22:50:18Z,149.86,electronics,GB,True,False
txn_0000308,card_00855,2026-01-28T23:25:44Z,219.0,restaurant,IN,True,False
txn_0000309,card_00607,2026-01-09T16:39:01Z,136.48,entertainment,US,False,False
txn_0000310,card_00636,2026-01-23T14:36:43Z,10.85,pharmacy,SG,False,False
txn_0000311,card_00132,2026-01-01T05:07:04Z,85.49,pharmacy,DE,False,False
txn_0000312,card_00239,2026-01-27T01:26:58Z,179.8,online_retail,GB,False,False
txn_0000313,card_00863,2026-01-20T18:06:35Z,97.83,grocery,DE,False,False
txn_0000314,card_00407,2026-01-06T01:43:11Z,100.13,utilities,DE,True,False
txn_0000315,card_00768,2026-01-23T22:52:41Z,39.96,travel,GB,False,False
txn_0000316,card_00419,2026-01-27T12:52:19Z,97.86,restaurant,IN,True,False
txn_0000317,card_00675,2026-01-15T06:56:44Z,60.09,pharmacy,GB,True,False
txn_0000318,card_00384,2026-01-25T19:24:16Z,74.38,entertainment,US,False,False
txn_0000319,card_00309,2026-01-14T16:05:18Z,24.28,restaurant,GB,True,False
txn_0000320,card_00160,2026-01-03T03:03:17Z,23.2,online_retail,AE,True,False
txn_0000321,card_00875,2026-01-07T22:19:14Z,13.68,online_retail,GB,True,False
txn_0000322,card_00173,2026-01-19T20:57:33Z,211.04,atm_withdrawal,US,True,False
txn_0000323,card_00408,2026-01-29T22:52:23Z,44.31,pharmacy,US,False,False
txn_0000324,card_00887,2026-01-02T13:22:51Z,106.33,utilities,IN,True,False
txn_0000325,card_00332,2026-01-24T03:02:33Z,60.7,entertainment,GB,True,False
txn_0000326,card_00147,2026-01-29T21:48:42Z,83.15,pharmacy,US,True,False
txn_0000327,card_00465,2026-01-20T16:23:43Z,95.06,pharmacy,IN,True,False
txn_0000328,card_00311,2026-01-08T19:00:12Z,161.86,utilities,GB,True,False
txn_0000329,card_00081,2026-01-04T13:11:39Z,45.27,atm_withdrawal,SG,False,False
txn_0000330,card_00274,2026-01-22T12:02:17Z,173.38,travel,US,True,False
txn_0000331,card_00262,2026-01-02T00:54:50Z,116.28,online_retail,GB,False,False
txn_0000332,card_00638,2026-01-30T11:54:58Z,19.13,electronics,SG,True,False
txn_0000333,card_00195,2026-01-16T09:28:56Z,66.94,travel,DE,False,False
txn_0000334,card_00306,2026-01-26T15:07:07Z,11.74,atm_withdrawal,DE,True,False
txn_0000335,card_00554,2026-01-12T06:00:07Z,117.38,atm_withdrawal,IN,False,False
txn_0000336,card_00823,2026-01-11T11:59:46Z,16.51,travel,SG,True,False
txn_0000337,card_00295,2026-01-19T15:40:46Z,36.32,entertainment,GB,True,False
txn_0000338,card_00487,2026-01-08T21:44:47Z,40.42,travel,AE,False,False
txn_0000339,card_00549,2026-01-25T20:52:31Z,281.6,restaurant,GB,True,False
txn_0000340,card_00429,2026-01-30T08:33:47Z,159.09,restaurant,GB,True,False
txn_0000341,card_00420,2026-01-23T03:30:00Z,237.86,electronics,IN,True,False
txn_0000342,card_00726,2026-01-24T09:19:30Z,28.4,atm_withdrawal,US,False,False
txn_0000343,card_00636,2026-01-27T10:23:17Z,145.6,utilities,US,True,False
txn_0000344,card_00049,2026-01-28T22:30:48Z,276.01,entertainment,DE,False,True
txn_0000345,card_00851,2026-01-28T07:50:53Z,126.02,restaurant,GB,False,False
txn_0000346,card_00141,2026-01-28T20:38:42Z,45.14,restaurant,DE,True,False
txn_0000347,card_00070,2026-01-01T07:32:18Z,31.44,utilities,GB,False,False
txn_0000348,card_00762,2026-01-05T23:01:17Z,41.13,atm_withdrawal,IN,True,False
txn_0000349,card_00674,2026-01-03T01:06:26Z,39.41,grocery,IN,True,False
txn_0000350,card_00686,2026-01-30T14:16:19Z,18.76,utilities,IN,True,False
txn_0000351,card_00149,2026-01-04T23:08:44Z,33.26,utilities,IN,False,False
txn_0000352,card_00053,2026-01-21T13:44:35Z,791.91,utilities,SG,False,False
txn_0000353,card_00456,2026-01-08T19:18:45Z,63.85,fuel,AE,True,False
txn_0000354,card_00295,2026-01-17T07:27:53Z,122.54,fuel,GB,False,False
txn_0000355,card_00887,2026-01-16T05:10:26Z,108.82,travel,GB,True,False
txn_0000356,card_00854,2026-01-18T19:46:50Z,16.68,utilities,GB,True,False
txn_0000357,card_00625,2026-01-13T17:54:40Z,64.84,grocery,IN,True,False
txn_0000358,card_00355,2026-01-22T11:04:25Z,8.77,fuel,GB,False,False
txn_0000359,card_00242,2026-01-20T14:08:51Z,87.55,electronics,IN,True,False
txn_0000360,card_00563,2026-01-23T00:42:56Z,355.32,online_retail,IN,True,False
txn_0000361,card_00313,2026-01-20T21:40:30Z,1838.55,utilities,DE,False,False
txn_0000362,card_00313,2026-01-08T03:27:05Z,82.61,online_retail,GB,True,False
txn_0000363,card_00864,2026-01-30T18:23:05Z,156.18,grocery,IN,True,False
txn_0000364,card_00499,2026-01-30T19:15:43Z,57.8,atm_withdrawal,AE,True,False
txn_0000365,card_00797,2026-01-22T09:27:53Z,20.24,grocery,SG,True,False
txn_0000366,card_00610,2026-01-12T14:24:11Z,34.58,entertainment,AE,False,False
txn_0000367,card_00339,2026-01-09T03:26:09Z,57.94,online_retail,US,True,False
txn_0000368,card_00844,2026-01-04T22:02:49Z,95.27,atm_withdrawal,DE,True,False
txn_0000369,card_00807,2026-01-23T02:30:33Z,35.41,fuel,IN,False,False
txn_0000370,card_00687,2026-01-15T21:49:38Z,84.7,restaurant,SG,False,False
txn_0000371,card_00348,2026-01-04T12:43:23Z,27.76,travel,US,False,False
txn_0000372,card_00477,2026-01-11T00:22:45Z,121.24,entertainment,DE,True,False
txn_0000373,card_00637,2026-01-28T07:25:51Z,132.32,travel,SG,True,False
txn_0000374,card_00591,2026-01-17T04:28:31Z,63.38,grocery,SG,False,False
txn_0000375,card_00656,2026-01-30T23:09:45Z,91.14,utilities,GB,True,False
txn_0000376,card_00870,2026-01-23T00:29:59Z,188.52,restaurant,SG,False,False
txn_0000377,card_00294,2026-01-07T21:06:08Z,44.14,restaurant,GB,False,False
txn_0000378,card_00218,2026-01-13T14:13:38Z,129.31,grocery,GB,True,False
txn_0000379,card_00689,2026-01-23T17:05:53Z,103.25,utilities,GB,True,False
txn_0000380,card_00563,2026-01-28T23:40:43Z,153.07,grocery,SG,True,False
txn_0000381,card_00358,2026-01-03T16:45:59Z,145.23,atm_withdrawal,GB,False,False
txn_0000382,card_00623,2026-01-09T16:11:27Z,100.97,grocery,DE,True,False
txn_0000383,card_00379,2026-01-13T22:36:17Z,46.54,travel,IN,True,False
txn_0000384,card_00054,2026-01-21T04:02:21Z,113.7,electronics,AE,False,False
txn_0000385,card_00325,2026-01-02T21:34:24Z,53.44,grocery,IN,True,False
txn_0000386,card_00430,2026-01-29T15:01:34Z,25.74,entertainment,SG,True,False
txn_0000387,card_00509,2026-01-21T15:55:21Z,63.64,electronics,IN,True,False
txn_0000388,card_00882,2026-01-27T09:47:43Z,101.7,travel,US,False,False
txn_0000389,card_00892,2026-01-21T03:23:01Z,17.63,utilities,AE,True,False
txn_0000390,card_00851,2026-01-04T17:46:30Z,24.15,travel,DE,True,False
txn_0000391,card_00129,2026-01-14T15:33:08Z,28.9,atm_withdrawal,GB,True,False
txn_0000392,card_00523,2026-01-26T21:44:51Z,42.14,travel,SG,True,False
txn_0000393,card_00773,2026-01-22T01:17:21Z,5.06,restaurant,SG,False,False
txn_0000394,card_00876,2026-01-27T22:45:16Z,11.94,atm_withdrawal,DE,False,False
txn_0000395,card_00453,2026-01-02T07:48:18Z,37.08,travel,DE,True,False
txn_0000396,card_00600,2026-01-23T02:43:53Z,43.99,electronics,AE,False,False
txn_0000397,card_00150,2026-01-21T18:07:19Z,382.64,electronics,US,False,False
txn_0000398,card_00057,2026-01-24T21:54:47Z,67.8,entertainment,DE,False,False
txn_0000399,card_00880,2026-01-27T21:26:51Z,41.52,restaurant,GB,False,False
txn_0000400,card_00627,2026-01-01T00:12:28Z,71.91,restaurant,IN,True,False
txn_0000401,card_00393,2026-01-06T00:48:57Z,392.13,fuel,AE,False,False
txn_0000402,card_00411,2026-01-21T06:55:54Z,39.62,entertainment,SG,True,False
txn_0000403,card_00892,2026-01-17T07:13:50Z,95.2,atm_withdrawal,AE,True,False
txn_0000404,card_00204,2026-01-15T23:03:20Z,166.95,pharmacy,US,False,False
txn_0000405,card_00742,2026-01-04T02:12:13Z,135.95,restaurant,IN,True,False
txn_0000406,card_00008,2026-01-07T20:26:43Z,12.3,atm_withdrawal,AE,False,False
txn_0000407,card_00456,2026-01-27T19:30:33Z,92.94,online_retail,SG,True,False
txn_0000408,card_00148,2026-01-11T20:56:10Z,153.33,utilities,AE,True,False
txn_0000409,card_00353,2026-01-06T11:57:12Z,176.74,electronics,DE,True,False
txn_0000410,card_00532,2026-01-22T02:31:25Z,198.29,electronics,SG,True,False
txn_0000411,card_00203,2026-01-15T20:40:57Z,234.54,atm_withdrawal,AE,True,False
txn_0000412,card_00331,2026-01-03T06:53:34Z,25.09,travel,GB,True,False
txn_0000413,card_00371,2026-01-04T12:56:33Z,18.21,restaurant,US,False,False
txn_0000414,card_00838,2026-01-11T00:03:33Z,16.04,grocery,US,False,False
txn_0000415,card_00635,2026-01-14T18:42:58Z,66.26,restaurant,US,False,False
txn_0000416,card_00374,2026-01-13T05:00:05Z,95.59,travel,DE,True,False
txn_0000417,card_00823,2026-01-08T14:34:48Z,23.4,utilities,AE,True,False
txn_0000418,card_00027,2026-01-07T16:54:56Z,11.98,online_retail,AE,False,False
txn_0000419,card_00518,2026-01-30T16:17:18Z,12.17,atm_withdrawal,IN,True,False
txn_0000420,card_00378,2026-01-11T10:25:15Z,12.82,travel,DE,True,False
txn_0000421,card_00199,2026-01-04T04:31:48Z,76.68,travel,SG,True,False
txn_0000422,card_00513,2026-01-21T15:31:54Z,58.14,online_retail,SG,False,False
txn_0000423,card_00375,2026-01-09T22:02:21Z,38.83,electronics,IN,False,False
txn_0000424,card_00477,2026-01-29T20:58:51Z,22.51,online_retail,AE,True,False
txn_0000425,card_00015,2026-01-24T18:53:24Z,55.2,electronics,IN,False,False
txn_0000426,card_00368,2026-01-11T02:06:55Z,12.15,entertainment,GB,True,False
txn_0000427,card_00147,2026-01-26T23:38:36Z,20.89,entertainment,SG,True,False
txn_0000428,card_00660,2026-01-23T16:30:40Z,20.78,pharmacy,SG,False,False
txn_0000429,card_00295,2026-01-13T09:49:46Z,553.34,electronics,GB,True,False
txn_0000430,card_00613,2026-01-06T15:30:05Z,132.59,travel,AE,False,True
txn_0000431,card_00531,2026-01-14T19:32:25Z,167.91,entertainment,DE,True,False
txn_0000432,card_00079,2026-01-14T15:09:51Z,17.13,electronics,SG,False,False
txn_0000433,card_00402,2026-01-27T08:53:41Z,16.36,entertainment,US,True,False
txn_0000434,card_00276,2026-01-01T08:45:25Z,118.68,utilities,SG,True,False
txn_0000435,card_00778,2026-01-30T13:21:56Z,19.29,fuel,SG,False,False
txn_0000436,card_00166,2026-01-03T17:00:30Z,45.21,online_retail,GB,False,False
txn_0000437,card_00137,2026-01-17T16:59:25Z,103.15,restaurant,IN,False,False
txn_0000438,card_00180,2026-01-01T10:29:15Z,19.26,entertainment,SG,False,False
txn_0000439,card_00645,2026-01-15T02:07:07Z,178.68,utilities,GB,True,False
txn_0000440,card_00238,2026-01-20T17:07:09Z,474.91,online_retail,DE,True,False
txn_0000441,card_00130,2026-01-03T01:30:27Z,1648.63,atm_withdrawal,DE,True,False
txn_0000442,card_00109,2026-01-29T03:19:17Z,21.69,entertainment,US,True,False
txn_0000443,card_00340,2026-01-30T19:10:22Z,109.26,online_retail,DE,True,False
txn_0000444,card_00656,2026-01-18T20:41:16Z,191.69,electronics,AE,True,False
txn_0000445,card_00114,2026-01-07T23:30:00Z,44.67,online_retail,DE,False,False
txn_0000446,card_00153,2026-01-28T04:15:00Z,14.46,fuel,SG,False,False
txn_0000447,card_00406,2026-01-24T09:27:35Z,54.24,online_retail,AE,True,False
txn_0000448,card_00841,2026-01-16T04:59:36Z,107.58,fuel,IN,False,False
txn_0000449,card_00631,2026-01-23T05:02:34Z,47.28,atm_withdrawal,DE,True,False
txn_0000450,card_00027,2026-01-27T05:07:13Z,139.7,travel,IN,True,False
txn_0000451,card_00563,2026-01-09T17:57:10Z,48.02,fuel,SG,True,False
txn_0000452,card_00820,2026-01-30T19:11:14Z,343.45,electronics,DE,True,False
txn_0000453,card_00533,2026-01-21T22:40:54Z,127.62,travel,SG,True,False
txn_0000454,card_00794,2026-01-18T17:53:20Z,108.08,grocery,AE,False,False
txn_0000455,card_00152,2026-01-26T19:31:43Z,23.32,online_retail,US,True,False
txn_0000456,card_00470,2026-01-17T09:30:36Z,160.73,utilities,GB,False,False
txn_0000457,card_00209,2026-01-22T06:45:26Z,51.5,entertainment,SG,False,False
txn_0000458,card_00319,2026-01-06T01:07:32Z,59.58,atm_withdrawal,GB,True,False
txn_0000459,card_00858,2026-01-11T16:45:00Z,34.88,utilities,GB,True,False
txn_0000460,card_00648,2026-01-26T18:15:15Z,22.12,fuel,SG,True,False
txn_0000461,card_00501,2026-01-03T08:15:15Z,53.25,pharmacy,IN,True,False
txn_0000462,card_00469,2026-01-02T02:57:44Z,134.09,utilities,AE,False,False
txn_0000463,card_00133,2026-01-13T01:40:18Z,162.42,entertainment,AE,True,False
txn_0000464,card_00690,2026-01-27T07:46:58Z,42.72,entertainment,DE,False,False
txn_0000465,card_00195,2026-01-03T22:48:48Z,28.99,pharmacy,DE,True,False
txn_0000466,card_00530,2026-01-20T14:11:37Z,93.0,fuel,DE,True,False
txn_0000467,card_00830,2026-01-07T05:52:46Z,21.66,fuel,GB,True,False
txn_0000468,card_00806,2026-01-04T14:38:04Z,52.93,travel,US,True,False
txn_0000469,card_00542,2026-01-24T06:03:15Z,540.05,electronics,US,True,False
txn_0000470,card_00058,2026-01-21T17:02:46Z,259.78,fuel,GB,False,False
txn_0000471,card_00601,2026-01-09T16:19:12Z,59.37,pharmacy,IN,True,False
txn_0000472,card_00720,2026-01-03T13:58:17Z,33.45,fuel,IN,True,False
txn_0000473,card_00325,2026-01-09T07:18:20Z,24.58,electronics,DE,False,False
txn_0000474,card_00697,2026-01-14T02:43:07Z,113.21,grocery,SG,False,False
txn_0000475,card_00733,2026-01-03T04:28:27Z,166.61,grocery,DE,False,False
txn_0000476,card_00706,2026-01-01T21:57:18Z,70.27,fuel,US,True,False
txn_0000477,card_00181,2026-01-22T14:18:23Z,34.31,restaurant,DE,True,False
txn_0000478,card_00232,2026-01-14T04:32:02Z,533.96,online_retail,US,True,False
txn_0000479,card_00270,2026-01-14T00:57:10Z,47.26,fuel,IN,True,False
txn_0000480,card_00554,2026-01-10T21:25:38Z,89.92,fuel,GB,False,False
txn_0000481,card_00839,2026-01-23T02:33:51Z,156.76,pharmacy,IN,False,False
txn_0000482,card_00828,2026-01-23T21:11:32Z,2.65,restaurant,GB,True,False
txn_0000483,card_00070,2026-01-14T13:47:38Z,166.76,travel,SG,True,False
txn_0000484,card_00134,2026-01-11T21:00:44Z,115.67,restaurant,DE,False,False
txn_0000485,card_00579,2026-01-22T09:13:02Z,672.41,utilities,US,False,False
txn_0000486,card_00545,2026-01-09T06:00:07Z,88.23,entertainment,SG,False,False
txn_0000487,card_00800,2026-01-30T06:36:04Z,108.17,pharmacy,GB,False,False
txn_0000488,card_00758,2026-01-09T13:31:06Z,18.88,electronics,SG,True,False
txn_0000489,card_00337,2026-01-15T06:27:47Z,13.08,fuel,GB,False,False
txn_0000490,card_00300,2026-01-02T06:23:34Z,172.18,fuel,SG,True,False
txn_0000491,card_00292,2026-01-15T21:07:22Z,54.2,electronics,AE,True,False
txn_0000492,card_00764,2026-01-24T23:09:28Z,41.21,travel,IN,True,False
txn_0000493,card_00288,2026-01-08T18:14:17Z,85.48,online_retail,US,False,False
txn_0000494,card_00041,2026-01-06T11:20:01Z,18.7,fuel,IN,False,False
txn_0000495,card_00639,2026-01-23T01:59:48Z,44.38,pharmacy,SG,True,False
txn_0000496,card_00613,2026-01-30T03:42:29Z,18.54,atm_withdrawal,SG,True,False
txn_0000497,card_00046,2026-01-08T02:46:29Z,78.38,online_retail,SG,False,False
txn_0000498,card_00642,2026-01-17T04:59:04Z,4.77,entertainment,AE,False,False
txn_0000499,card_00681,2026-01-17T07:36:01Z,54.55,atm_withdrawal,DE,True,False
